date,route,day_of_week,month,price,promo_flag,bookings,revenue
2024-01-01,DXB-BKK,0,1,341.91,0,266,90947.7
2024-01-02,DXB-BKK,1,1,342.52,0,246,84259.45
2024-01-03,DXB-BKK,2,1,344.08,0,296,101848.79
2024-01-04,DXB-BKK,3,1,344.38,0,339,116745.2
2024-01-05,DXB-BKK,4,1,286.96,1,480,137742.58
2024-01-06,DXB-BKK,5,1,347.13,0,376,130520.2
2024-01-07,DXB-BKK,6,1,347.43,0,299,103881.97
2024-01-08,DXB-BKK,0,1,347.69,0,257,89357.45
2024-01-09,DXB-BKK,1,1,346.55,0,250,86636.37
2024-01-10,DXB-BKK,2,1,347.59,0,284,98715.12
2024-01-11,DXB-BKK,3,1,347.81,0,309,107473.47
2024-01-12,DXB-BKK,4,1,279.73,1,471,131753.85
2024-01-13,DXB-BKK,5,1,349.28,0,373,130282.03
2024-01-14,DXB-BKK,6,1,347.69,0,313,108826.36
2024-01-15,DXB-BKK,0,1,347.34,0,255,88570.64
2024-01-16,DXB-BKK,1,1,349.16,0,250,87289.67
2024-01-17,DXB-BKK,2,1,349.91,0,282,98675.45
2024-01-18,DXB-BKK,3,1,350.12,0,322,112739.23
2024-01-19,DXB-BKK,4,1,350.78,0,342,119966.3
2024-01-20,DXB-BKK,5,1,351.33,0,383,134558.53
2024-01-21,DXB-BKK,6,1,349.33,0,334,116677.01
2024-01-22,DXB-BKK,0,1,349.09,0,274,95650.02
2024-01-23,DXB-BKK,1,1,351.79,0,245,86188.86
2024-01-24,DXB-BKK,2,1,351.08,0,249,87419.08
2024-01-25,DXB-BKK,3,1,350.88,0,295,103509.92
2024-01-26,DXB-BKK,4,1,350.35,0,347,121570.1
2024-01-27,DXB-BKK,5,1,350.49,0,384,134589.14
2024-01-28,DXB-BKK,6,1,349.89,0,312,109167.03
2024-01-29,DXB-BKK,0,1,350.9,0,284,99655.7
2024-01-30,DXB-BKK,1,1,351.47,0,255,89625.28
2024-01-31,DXB-BKK,2,1,352.91,0,279,98461.01
2024-02-01,DXB-BKK,3,2,351.6,0,317,111458.68
2024-02-02,DXB-BKK,4,2,351.37,0,292,102599.39
2024-02-03,DXB-BKK,5,2,250.94,1,578,145041.26
2024-02-04,DXB-BKK,6,2,352.26,0,319,112370.31
2024-02-05,DXB-BKK,0,2,351.34,0,270,94861.77
2024-02-06,DXB-BKK,1,2,352.98,0,239,84363.27
2024-02-07,DXB-BKK,2,2,261.9,1,371,97163.61
2024-02-08,DXB-BKK,3,2,353.82,0,293,103669.45
2024-02-09,DXB-BKK,4,2,353.35,0,328,115899.86
2024-02-10,DXB-BKK,5,2,352.82,0,326,115020.44
2024-02-11,DXB-BKK,6,2,357.04,0,299,106754.77
2024-02-12,DXB-BKK,0,2,356.66,0,268,95585.17
2024-02-13,DXB-BKK,1,2,359.44,0,261,93814.69
2024-02-14,DXB-BKK,2,2,357.81,0,227,81222.47
2024-02-15,DXB-BKK,3,2,303.49,1,354,107437.05
2024-02-16,DXB-BKK,4,2,355.82,0,321,114218.58
2024-02-17,DXB-BKK,5,2,354.81,0,354,125604.48
2024-02-18,DXB-BKK,6,2,354.67,0,309,109594.42
2024-02-19,DXB-BKK,0,2,353.87,0,271,95899.27
2024-02-20,DXB-BKK,1,2,352.9,0,254,89637.21
2024-02-21,DXB-BKK,2,2,354.9,0,263,93338.36
2024-02-22,DXB-BKK,3,2,312.05,1,353,110155.28
2024-02-23,DXB-BKK,4,2,358.67,0,338,121231.35
2024-02-24,DXB-BKK,5,2,359.71,0,318,114389.14
2024-02-25,DXB-BKK,6,2,360.11,0,309,111273.37
2024-02-26,DXB-BKK,0,2,359.62,0,261,93859.78
2024-02-27,DXB-BKK,1,2,358.44,0,253,90685.01
2024-02-28,DXB-BKK,2,2,359.23,0,254,91245.61
2024-02-29,DXB-BKK,3,2,357.72,0,273,97658.81
2024-03-01,DXB-BKK,4,3,356.48,0,315,112292.11
2024-03-02,DXB-BKK,5,3,358.46,0,332,119008.84
2024-03-03,DXB-BKK,6,3,361.56,0,251,90751.12
2024-03-04,DXB-BKK,0,3,362.39,0,253,91685.67
2024-03-05,DXB-BKK,1,3,364.3,0,262,95446.14
2024-03-06,DXB-BKK,2,3,261.0,1,457,119276.2
2024-03-07,DXB-BKK,3,3,362.41,0,283,102561.6
2024-03-08,DXB-BKK,4,3,363.57,0,319,115978.09
2024-03-09,DXB-BKK,5,3,364.66,0,320,116691.61
2024-03-10,DXB-BKK,6,3,303.75,1,391,118766.61
2024-03-11,DXB-BKK,0,3,364.88,0,277,101071.97
2024-03-12,DXB-BKK,1,3,366.56,0,261,95672.14
2024-03-13,DXB-BKK,2,3,365.32,0,267,97539.32
2024-03-14,DXB-BKK,3,3,364.39,0,282,102757.51
2024-03-15,DXB-BKK,4,3,363.11,0,334,121278.07
2024-03-16,DXB-BKK,5,3,363.47,0,300,109039.77
2024-03-17,DXB-BKK,6,3,362.06,0,289,104636.25
2024-03-18,DXB-BKK,0,3,361.26,0,268,96818.88
2024-03-19,DXB-BKK,1,3,360.43,0,265,95514.51
2024-03-20,DXB-BKK,2,3,360.27,0,276,99433.42
2024-03-21,DXB-BKK,3,3,358.26,0,305,109268.8
2024-03-22,DXB-BKK,4,3,358.61,0,324,116190.0
2024-03-23,DXB-BKK,5,3,360.7,0,350,126245.88
2024-03-24,DXB-BKK,6,3,268.33,1,449,120481.91
2024-03-25,DXB-BKK,0,3,288.24,1,354,102038.47
2024-03-26,DXB-BKK,1,3,365.87,0,250,91467.78
2024-03-27,DXB-BKK,2,3,367.25,0,261,95852.8
2024-03-28,DXB-BKK,3,3,367.58,0,257,94467.29
2024-03-29,DXB-BKK,4,3,367.82,0,325,119542.16
2024-03-30,DXB-BKK,5,3,369.18,0,343,126627.87
2024-03-31,DXB-BKK,6,3,368.8,0,286,105476.25
2024-04-01,DXB-BKK,0,4,366.18,0,291,106558.61
2024-04-02,DXB-BKK,1,4,367.12,0,239,87742.56
2024-04-03,DXB-BKK,2,4,365.63,0,256,93601.36
2024-04-04,DXB-BKK,3,4,364.39,0,287,104579.55
2024-04-05,DXB-BKK,4,4,364.59,0,321,117033.05
2024-04-06,DXB-BKK,5,4,364.64,0,330,120332.69
2024-04-07,DXB-BKK,6,4,362.72,0,272,98660.64
2024-04-08,DXB-BKK,0,4,363.17,0,252,91517.84
2024-04-09,DXB-BKK,1,4,364.81,0,251,91566.9
2024-04-10,DXB-BKK,2,4,363.31,0,286,103905.87
2024-04-11,DXB-BKK,3,4,266.58,1,553,147421.33
2024-04-12,DXB-BKK,4,4,279.89,1,535,149740.19
2024-04-13,DXB-BKK,5,4,366.62,0,320,117316.9
2024-04-14,DXB-BKK,6,4,366.18,0,282,103263.54
2024-04-15,DXB-BKK,0,4,366.58,0,256,93845.43
2024-04-16,DXB-BKK,1,4,363.93,0,283,102991.16
2024-04-17,DXB-BKK,2,4,364.01,0,265,96463.19
2024-04-18,DXB-BKK,3,4,364.53,0,275,100246.24
2024-04-19,DXB-BKK,4,4,364.58,0,317,115571.15
2024-04-20,DXB-BKK,5,4,363.91,0,359,130642.42
2024-04-21,DXB-BKK,6,4,362.66,0,315,114237.29
2024-04-22,DXB-BKK,0,4,364.52,0,260,94776.1
2024-04-23,DXB-BKK,1,4,364.74,0,268,97749.6
2024-04-24,DXB-BKK,2,4,367.21,0,230,84459.27
2024-04-25,DXB-BKK,3,4,366.59,0,301,110343.09
2024-04-26,DXB-BKK,4,4,366.1,0,346,126669.93
2024-04-27,DXB-BKK,5,4,367.48,0,325,119431.47
2024-04-28,DXB-BKK,6,4,365.2,0,287,104813.83
2024-04-29,DXB-BKK,0,4,363.54,0,238,86522.72
2024-04-30,DXB-BKK,1,4,285.69,1,422,120560.5
2024-05-01,DXB-BKK,2,5,363.74,0,262,95298.66
2024-05-02,DXB-BKK,3,5,361.16,0,315,113764.41
2024-05-03,DXB-BKK,4,5,364.11,0,349,127073.6
2024-05-04,DXB-BKK,5,5,362.16,0,387,140157.11
2024-05-05,DXB-BKK,6,5,362.58,0,308,111675.66
2024-05-06,DXB-BKK,0,5,362.83,0,264,95786.84
2024-05-07,DXB-BKK,1,5,358.75,0,275,98657.06
2024-05-08,DXB-BKK,2,5,358.49,0,307,110056.39
2024-05-09,DXB-BKK,3,5,359.3,0,315,113178.97
2024-05-10,DXB-BKK,4,5,359.96,0,329,118428.0
2024-05-11,DXB-BKK,5,5,361.45,0,329,118917.2
2024-05-12,DXB-BKK,6,5,361.0,0,296,106855.65
2024-05-13,DXB-BKK,0,5,362.2,0,293,106123.14
2024-05-14,DXB-BKK,1,5,361.29,0,269,97186.04
2024-05-15,DXB-BKK,2,5,359.29,0,280,100602.3
2024-05-16,DXB-BKK,3,5,357.47,0,314,112245.08
2024-05-17,DXB-BKK,4,5,355.39,0,366,130074.28
2024-05-18,DXB-BKK,5,5,357.03,0,373,133170.48
2024-05-19,DXB-BKK,6,5,354.87,0,330,117106.51
2024-05-20,DXB-BKK,0,5,355.39,0,318,113014.58
2024-05-21,DXB-BKK,1,5,309.22,1,394,121830.97
2024-05-22,DXB-BKK,2,5,355.06,0,274,97285.72
2024-05-23,DXB-BKK,3,5,357.21,0,343,122522.6
2024-05-24,DXB-BKK,4,5,356.65,0,353,125899.17
2024-05-25,DXB-BKK,5,5,357.67,0,381,136273.73
2024-05-26,DXB-BKK,6,5,357.83,0,345,123451.19
2024-05-27,DXB-BKK,0,5,357.7,0,294,105163.41
2024-05-28,DXB-BKK,1,5,361.24,0,292,105483.11
2024-05-29,DXB-BKK,2,5,359.17,0,317,113858.23
2024-05-30,DXB-BKK,3,5,361.2,0,345,124613.44
2024-05-31,DXB-BKK,4,5,362.27,0,356,128968.55
2024-06-01,DXB-BKK,5,6,361.64,0,375,135614.21
2024-06-02,DXB-BKK,6,6,364.17,0,309,112527.17
2024-06-03,DXB-BKK,0,6,361.47,0,286,103381.82
2024-06-04,DXB-BKK,1,6,360.77,0,331,119415.35
2024-06-05,DXB-BKK,2,6,359.04,0,298,106992.62
2024-06-06,DXB-BKK,3,6,359.73,0,325,116911.74
2024-06-07,DXB-BKK,4,6,358.13,0,395,141461.82
2024-06-08,DXB-BKK,5,6,358.85,0,402,144258.05
2024-06-09,DXB-BKK,6,6,282.58,1,515,145529.31
2024-06-10,DXB-BKK,0,6,357.99,0,340,121715.07
2024-06-11,DXB-BKK,1,6,358.63,0,317,113686.24
2024-06-12,DXB-BKK,2,6,358.29,0,312,111786.37
2024-06-13,DXB-BKK,3,6,356.72,0,355,126633.92
2024-06-14,DXB-BKK,4,6,263.59,1,629,165800.21
2024-06-15,DXB-BKK,5,6,360.3,0,434,156368.82
2024-06-16,DXB-BKK,6,6,264.49,1,582,153935.77
2024-06-17,DXB-BKK,0,6,355.81,0,289,102828.58
2024-06-18,DXB-BKK,1,6,353.95,0,320,113265.38
2024-06-19,DXB-BKK,2,6,355.24,0,303,107637.17
2024-06-20,DXB-BKK,3,6,271.17,1,652,176800.12
2024-06-21,DXB-BKK,4,6,356.4,0,385,137214.41
2024-06-22,DXB-BKK,5,6,355.88,0,425,151250.56
2024-06-23,DXB-BKK,6,6,355.5,0,383,136156.49
2024-06-24,DXB-BKK,0,6,354.98,0,326,115722.35
2024-06-25,DXB-BKK,1,6,354.89,0,320,113563.32
2024-06-26,DXB-BKK,2,6,356.17,0,347,123589.83
2024-06-27,DXB-BKK,3,6,356.7,0,413,147315.73
2024-06-28,DXB-BKK,4,6,357.47,0,432,154427.23
2024-06-29,DXB-BKK,5,6,358.24,0,469,168015.02
2024-06-30,DXB-BKK,6,6,359.59,0,351,126214.87
2024-07-01,DXB-BKK,0,7,360.04,0,335,120611.81
2024-07-02,DXB-BKK,1,7,360.59,0,324,116830.41
2024-07-03,DXB-BKK,2,7,362.38,0,340,123210.11
2024-07-04,DXB-BKK,3,7,361.39,0,405,146364.79
2024-07-05,DXB-BKK,4,7,360.12,0,407,146568.02
2024-07-06,DXB-BKK,5,7,358.34,0,423,151579.44
2024-07-07,DXB-BKK,6,7,358.62,0,392,140579.25
2024-07-08,DXB-BKK,0,7,355.84,0,301,107107.82
2024-07-09,DXB-BKK,1,7,356.53,0,324,115515.98
2024-07-10,DXB-BKK,2,7,285.03,1,487,138808.72
2024-07-11,DXB-BKK,3,7,358.06,0,360,128900.57
2024-07-12,DXB-BKK,4,7,282.34,1,648,182956.51
2024-07-13,DXB-BKK,5,7,356.72,0,410,146256.44
2024-07-14,DXB-BKK,6,7,265.33,1,609,161588.3
2024-07-15,DXB-BKK,0,7,360.45,0,335,120750.86
2024-07-16,DXB-BKK,1,7,359.41,0,350,125793.93
2024-07-17,DXB-BKK,2,7,359.66,0,337,121206.31
2024-07-18,DXB-BKK,3,7,360.08,0,397,142952.03
2024-07-19,DXB-BKK,4,7,360.62,0,427,153982.7
2024-07-20,DXB-BKK,5,7,360.19,0,431,155243.21
2024-07-21,DXB-BKK,6,7,362.08,0,347,125643.32
2024-07-22,DXB-BKK,0,7,359.22,0,300,107765.08
2024-07-23,DXB-BKK,1,7,358.55,0,324,116170.17
2024-07-24,DXB-BKK,2,7,359.18,0,324,116375.66
2024-07-25,DXB-BKK,3,7,359.83,0,393,141413.17
2024-07-26,DXB-BKK,4,7,361.82,0,421,152324.85
2024-07-27,DXB-BKK,5,7,363.57,0,412,149790.59
2024-07-28,DXB-BKK,6,7,363.09,0,339,123088.89
2024-07-29,DXB-BKK,0,7,364.99,0,326,118988.22
2024-07-30,DXB-BKK,1,7,363.87,0,291,105886.7
2024-07-31,DXB-BKK,2,7,365.21,0,307,112120.75
2024-08-01,DXB-BKK,3,8,367.87,0,333,122501.92
2024-08-02,DXB-BKK,4,8,369.64,0,380,140462.23
2024-08-03,DXB-BKK,5,8,369.74,0,427,157876.92
2024-08-04,DXB-BKK,6,8,369.17,0,349,128841.83
2024-08-05,DXB-BKK,0,8,366.82,0,300,110044.76
2024-08-06,DXB-BKK,1,8,367.21,0,273,100249.39
2024-08-07,DXB-BKK,2,8,287.21,1,478,137286.3
2024-08-08,DXB-BKK,3,8,364.21,0,336,122374.17
2024-08-09,DXB-BKK,4,8,362.35,0,391,141678.09
2024-08-10,DXB-BKK,5,8,361.58,0,397,143547.46
2024-08-11,DXB-BKK,6,8,361.46,0,372,134462.87
2024-08-12,DXB-BKK,0,8,361.79,0,306,110707.21
2024-08-13,DXB-BKK,1,8,360.8,0,301,108601.94
2024-08-14,DXB-BKK,2,8,362.32,0,322,116667.59
2024-08-15,DXB-BKK,3,8,361.92,0,393,142235.02
2024-08-16,DXB-BKK,4,8,360.65,0,404,145702.24
2024-08-17,DXB-BKK,5,8,360.9,0,396,142914.75
2024-08-18,DXB-BKK,6,8,363.75,0,343,124764.95
2024-08-19,DXB-BKK,0,8,364.15,0,290,105604.02
2024-08-20,DXB-BKK,1,8,363.51,0,276,100328.24
2024-08-21,DXB-BKK,2,8,361.12,0,298,107612.37
2024-08-22,DXB-BKK,3,8,360.68,0,328,118303.84
2024-08-23,DXB-BKK,4,8,360.93,0,390,140762.25
2024-08-24,DXB-BKK,5,8,360.24,0,366,131847.59
2024-08-25,DXB-BKK,6,8,357.63,0,373,133396.32
2024-08-26,DXB-BKK,0,8,275.48,1,479,131953.77
2024-08-27,DXB-BKK,1,8,358.31,0,294,105343.04
2024-08-28,DXB-BKK,2,8,360.34,0,303,109184.18
2024-08-29,DXB-BKK,3,8,358.89,0,328,117717.52
2024-08-30,DXB-BKK,4,8,359.78,0,376,135278.37
2024-08-31,DXB-BKK,5,8,357.89,0,414,148167.2
2024-09-01,DXB-BKK,6,9,359.87,0,322,115879.07
2024-09-02,DXB-BKK,0,9,360.11,0,266,95790.13
2024-09-03,DXB-BKK,1,9,361.41,0,297,107338.22
2024-09-04,DXB-BKK,2,9,358.7,0,306,109763.37
2024-09-05,DXB-BKK,3,9,359.59,0,311,111831.4
2024-09-06,DXB-BKK,4,9,359.44,0,349,125444.26
2024-09-07,DXB-BKK,5,9,360.58,0,358,129087.33
2024-09-08,DXB-BKK,6,9,361.81,0,314,113608.8
2024-09-09,DXB-BKK,0,9,361.77,0,282,102018.61
2024-09-10,DXB-BKK,1,9,307.89,1,357,109915.59
2024-09-11,DXB-BKK,2,9,361.75,0,281,101650.7
2024-09-12,DXB-BKK,3,9,361.51,0,312,112790.48
2024-09-13,DXB-BKK,4,9,360.05,0,354,127457.22
2024-09-14,DXB-BKK,5,9,358.52,0,381,136594.72
2024-09-15,DXB-BKK,6,9,356.15,0,326,116103.75
2024-09-16,DXB-BKK,0,9,355.22,0,313,111185.42
2024-09-17,DXB-BKK,1,9,356.72,0,292,104162.52
2024-09-18,DXB-BKK,2,9,356.83,0,268,95629.83
2024-09-19,DXB-BKK,3,9,355.87,0,342,121707.93
2024-09-20,DXB-BKK,4,9,356.91,0,374,133486.05
2024-09-21,DXB-BKK,5,9,276.43,1,552,152587.57
2024-09-22,DXB-BKK,6,9,355.48,0,301,106998.09
2024-09-23,DXB-BKK,0,9,355.04,0,291,103315.58
2024-09-24,DXB-BKK,1,9,356.03,0,283,100757.5
2024-09-25,DXB-BKK,2,9,353.49,0,278,98271.44
2024-09-26,DXB-BKK,3,9,352.04,0,306,107725.42
2024-09-27,DXB-BKK,4,9,349.41,0,370,129281.49
2024-09-28,DXB-BKK,5,9,277.57,1,552,153221.36
2024-09-29,DXB-BKK,6,9,350.48,0,329,115307.12
2024-09-30,DXB-BKK,0,9,286.05,1,407,116422.73
2024-10-01,DXB-BKK,1,10,290.02,1,365,105858.91
2024-10-02,DXB-BKK,2,10,349.71,0,295,103163.85
2024-10-03,DXB-BKK,3,10,251.4,1,591,148578.84
2024-10-04,DXB-BKK,4,10,350.8,0,360,126288.13
2024-10-05,DXB-BKK,5,10,351.64,0,344,120962.8
2024-10-06,DXB-BKK,6,10,300.9,1,417,125475.51
2024-10-07,DXB-BKK,0,10,307.76,1,339,104329.17
2024-10-08,DXB-BKK,1,10,354.73,0,287,101806.38
2024-10-09,DXB-BKK,2,10,355.31,0,300,106592.89
2024-10-10,DXB-BKK,3,10,351.98,0,301,105946.94
2024-10-11,DXB-BKK,4,10,350.94,0,384,134762.59
2024-10-12,DXB-BKK,5,10,351.66,0,356,125191.04
2024-10-13,DXB-BKK,6,10,350.82,0,367,128752.08
2024-10-14,DXB-BKK,0,10,352.52,0,291,102584.74
2024-10-15,DXB-BKK,1,10,353.2,0,263,92891.33
2024-10-16,DXB-BKK,2,10,351.93,0,278,97836.42
2024-10-17,DXB-BKK,3,10,351.77,0,341,119952.43
2024-10-18,DXB-BKK,4,10,350.21,0,360,126076.69
2024-10-19,DXB-BKK,5,10,349.72,0,383,133944.57
2024-10-20,DXB-BKK,6,10,348.68,0,372,129707.8
2024-10-21,DXB-BKK,0,10,350.22,0,283,99112.7
2024-10-22,DXB-BKK,1,10,353.18,0,286,101008.5
2024-10-23,DXB-BKK,2,10,350.81,0,326,114363.84
2024-10-24,DXB-BKK,3,10,347.7,0,346,120305.09
2024-10-25,DXB-BKK,4,10,347.11,0,338,117323.65
2024-10-26,DXB-BKK,5,10,344.61,0,407,140255.83
2024-10-27,DXB-BKK,6,10,344.45,0,322,110913.53
2024-10-28,DXB-BKK,0,10,266.58,1,496,132223.18
2024-10-29,DXB-BKK,1,10,347.36,0,278,96566.02
2024-10-30,DXB-BKK,2,10,347.43,0,360,125075.3
2024-10-31,DXB-BKK,3,10,346.91,0,373,129397.37
2024-11-01,DXB-BKK,4,11,343.71,0,363,124766.39
2024-11-02,DXB-BKK,5,11,274.51,1,571,156743.36
2024-11-03,DXB-BKK,6,11,343.38,0,365,125335.49
2024-11-04,DXB-BKK,0,11,344.11,0,319,109769.88
2024-11-05,DXB-BKK,1,11,342.81,0,308,105583.96
2024-11-06,DXB-BKK,2,11,341.91,0,339,115908.44
2024-11-07,DXB-BKK,3,11,339.45,0,354,120167.02
2024-11-08,DXB-BKK,4,11,335.78,0,389,130616.76
2024-11-09,DXB-BKK,5,11,333.87,0,410,136886.54
2024-11-10,DXB-BKK,6,11,331.27,0,391,129526.38
2024-11-11,DXB-BKK,0,11,331.53,0,333,110399.09
2024-11-12,DXB-BKK,1,11,330.5,0,326,107744.52
2024-11-13,DXB-BKK,2,11,329.45,0,353,116295.58
2024-11-14,DXB-BKK,3,11,327.72,0,334,109459.61
2024-11-15,DXB-BKK,4,11,322.62,0,436,140664.15
2024-11-16,DXB-BKK,5,11,324.64,0,449,145761.22
2024-11-17,DXB-BKK,6,11,322.88,0,432,139485.16
2024-11-18,DXB-BKK,0,11,322.01,0,314,101111.17
2024-11-19,DXB-BKK,1,11,319.57,0,376,120159.5
2024-11-20,DXB-BKK,2,11,320.78,0,360,115479.14
2024-11-21,DXB-BKK,3,11,320.73,0,413,132463.1
2024-11-22,DXB-BKK,4,11,319.24,0,490,156425.98
2024-11-23,DXB-BKK,5,11,318.39,0,484,154100.63
2024-11-24,DXB-BKK,6,11,320.65,0,417,133709.98
2024-11-25,DXB-BKK,0,11,320.28,0,364,116580.99
2024-11-26,DXB-BKK,1,11,319.74,0,344,109991.74
2024-11-27,DXB-BKK,2,11,318.07,0,374,118957.81
2024-11-28,DXB-BKK,3,11,314.96,0,410,129135.21
2024-11-29,DXB-BKK,4,11,314.46,0,472,148425.02
2024-11-30,DXB-BKK,5,11,314.68,0,427,134369.68
2024-12-01,DXB-BKK,6,12,316.07,0,445,140649.69
2024-12-02,DXB-BKK,0,12,312.43,0,387,120909.41
2024-12-03,DXB-BKK,1,12,259.64,1,506,131375.71
2024-12-04,DXB-BKK,2,12,309.33,0,416,128682.6
2024-12-05,DXB-BKK,3,12,309.06,0,422,130422.93
2024-12-06,DXB-BKK,4,12,308.57,0,570,175885.98
2024-12-07,DXB-BKK,5,12,308.12,0,535,164843.68
2024-12-08,DXB-BKK,6,12,308.46,0,469,144667.81
2024-12-09,DXB-BKK,0,12,306.83,0,396,121506.06
2024-12-10,DXB-BKK,1,12,307.96,0,412,126880.48
2024-12-11,DXB-BKK,2,12,308.34,0,468,144302.89
2024-12-12,DXB-BKK,3,12,307.59,0,517,159022.03
2024-12-13,DXB-BKK,4,12,309.71,0,557,172510.28
2024-12-14,DXB-BKK,5,12,311.77,0,567,176775.32
2024-12-15,DXB-BKK,6,12,312.9,0,469,146748.7
2024-12-16,DXB-BKK,0,12,308.09,0,395,121696.83
2024-12-17,DXB-BKK,1,12,310.19,0,414,128416.68
2024-12-18,DXB-BKK,2,12,311.1,0,431,134084.27
2024-12-19,DXB-BKK,3,12,313.83,0,512,160682.26
2024-12-20,DXB-BKK,4,12,315.41,0,534,168429.38
2024-12-21,DXB-BKK,5,12,317.5,0,593,188277.48
2024-12-22,DXB-BKK,6,12,231.13,1,843,194843.16
2024-12-23,DXB-BKK,0,12,320.28,0,397,127152.34
2024-12-24,DXB-BKK,1,12,253.62,1,517,131123.66
2024-12-25,DXB-BKK,2,12,323.04,0,444,143429.5
2024-12-26,DXB-BKK,3,12,232.31,1,836,194214.61
2024-12-27,DXB-BKK,4,12,319.66,0,465,148641.38
2024-12-28,DXB-BKK,5,12,319.96,0,573,183338.7
2024-12-29,DXB-BKK,6,12,319.79,0,468,149663.54
2024-12-30,DXB-BKK,0,12,317.64,0,407,129280.5
2024-12-31,DXB-BKK,1,12,314.91,0,436,137302.55
2025-01-01,DXB-BKK,2,1,313.52,0,398,124781.09
2025-01-02,DXB-BKK,3,1,222.42,1,740,164594.11
2025-01-03,DXB-BKK,4,1,316.54,0,456,144341.21
2025-01-04,DXB-BKK,5,1,317.63,0,478,151827.13
2025-01-05,DXB-BKK,6,1,318.93,0,391,124702.94
2025-01-06,DXB-BKK,0,1,318.53,0,351,111803.75
2025-01-07,DXB-BKK,1,1,315.63,0,330,104158.9
2025-01-08,DXB-BKK,2,1,314.67,0,359,112965.48
2025-01-09,DXB-BKK,3,1,314.0,0,402,126226.28
2025-01-10,DXB-BKK,4,1,312.97,0,436,136453.55
2025-01-11,DXB-BKK,5,1,223.59,1,816,182448.02
2025-01-12,DXB-BKK,6,1,313.14,0,405,126823.48
2025-01-13,DXB-BKK,0,1,270.59,1,472,127717.92
2025-01-14,DXB-BKK,1,1,313.44,0,320,100300.83
2025-01-15,DXB-BKK,2,1,310.3,0,373,115742.34
2025-01-16,DXB-BKK,3,1,309.29,0,426,131759.1
2025-01-17,DXB-BKK,4,1,309.08,0,455,140629.62
2025-01-18,DXB-BKK,5,1,310.63,0,475,147547.95
2025-01-19,DXB-BKK,6,1,309.49,0,382,118226.19
2025-01-20,DXB-BKK,0,1,309.98,0,377,116861.96
2025-01-21,DXB-BKK,1,1,310.13,0,375,116299.2
2025-01-22,DXB-BKK,2,1,309.91,0,389,120556.78
2025-01-23,DXB-BKK,3,1,311.03,0,446,138718.56
2025-01-24,DXB-BKK,4,1,309.75,0,468,144965.28
2025-01-25,DXB-BKK,5,1,308.61,0,500,154305.14
2025-01-26,DXB-BKK,6,1,308.31,0,430,132573.69
2025-01-27,DXB-BKK,0,1,307.07,0,391,120064.14
2025-01-28,DXB-BKK,1,1,307.55,0,332,102106.75
2025-01-29,DXB-BKK,2,1,306.2,0,365,111763.01
2025-01-30,DXB-BKK,3,1,306.26,0,472,144554.32
2025-01-31,DXB-BKK,4,1,305.83,0,404,123554.89
2025-02-01,DXB-BKK,5,2,305.87,0,490,149877.14
2025-02-02,DXB-BKK,6,2,304.9,0,465,141779.85
2025-02-03,DXB-BKK,0,2,304.12,0,380,115563.88
2025-02-04,DXB-BKK,1,2,303.98,0,366,111257.09
2025-02-05,DXB-BKK,2,2,304.01,0,394,119778.49
2025-02-06,DXB-BKK,3,2,303.72,0,429,130296.99
2025-02-07,DXB-BKK,4,2,306.0,0,475,145351.74
2025-02-08,DXB-BKK,5,2,304.24,0,479,145731.49
2025-02-09,DXB-BKK,6,2,303.87,0,467,141906.77
2025-02-10,DXB-BKK,0,2,233.97,1,633,148103.8
2025-02-11,DXB-BKK,1,2,301.52,0,377,113671.68
2025-02-12,DXB-BKK,2,2,299.57,0,368,110241.5
2025-02-13,DXB-BKK,3,2,298.88,0,436,130310.9
2025-02-14,DXB-BKK,4,2,298.05,0,490,146043.08
2025-02-15,DXB-BKK,5,2,298.2,0,533,158938.51
2025-02-16,DXB-BKK,6,2,297.1,0,428,127156.75
2025-02-17,DXB-BKK,0,2,295.93,0,383,113341.66
2025-02-18,DXB-BKK,1,2,297.81,0,401,119423.69
2025-02-19,DXB-BKK,2,2,297.97,0,429,127829.96
2025-02-20,DXB-BKK,3,2,296.86,0,440,130619.06
2025-02-21,DXB-BKK,4,2,296.22,0,462,136852.31
2025-02-22,DXB-BKK,5,2,298.42,0,620,185019.05
2025-02-23,DXB-BKK,6,2,297.8,0,476,141752.1
2025-02-24,DXB-BKK,0,2,296.5,0,395,117117.05
2025-02-25,DXB-BKK,1,2,295.21,0,416,122805.89
2025-02-26,DXB-BKK,2,2,294.12,0,413,121471.02
2025-02-27,DXB-BKK,3,2,292.96,0,492,144138.17
2025-02-28,DXB-BKK,4,2,290.78,0,523,152078.97
2025-03-01,DXB-BKK,5,3,288.83,0,550,158858.84
2025-03-02,DXB-BKK,6,3,287.33,0,479,137630.96
2025-03-03,DXB-BKK,0,3,287.96,0,385,110863.67
2025-03-04,DXB-BKK,1,3,287.13,0,463,132939.85
2025-03-05,DXB-BKK,2,3,286.56,0,410,117489.08
2025-03-06,DXB-BKK,3,3,288.21,0,442,127387.6
2025-03-07,DXB-BKK,4,3,289.89,0,516,149585.37
2025-03-08,DXB-BKK,5,3,289.22,0,516,149235.63
2025-03-09,DXB-BKK,6,3,201.72,1,850,171463.02
2025-03-10,DXB-BKK,0,3,286.47,0,444,127191.5
2025-03-11,DXB-BKK,1,3,209.71,1,728,152671.48
2025-03-12,DXB-BKK,2,3,286.7,0,457,131020.85
2025-03-13,DXB-BKK,3,3,285.87,0,480,137217.01
2025-03-14,DXB-BKK,4,3,284.4,0,542,154144.91
2025-03-15,DXB-BKK,5,3,283.0,0,582,164705.29
2025-03-16,DXB-BKK,6,3,283.23,0,444,125755.5
2025-03-17,DXB-BKK,0,3,281.02,0,456,128143.02
2025-03-18,DXB-BKK,1,3,282.26,0,391,110365.35
2025-03-19,DXB-BKK,2,3,281.22,0,505,142016.81
2025-03-20,DXB-BKK,3,3,280.76,0,492,138131.97
2025-03-21,DXB-BKK,4,3,278.51,0,554,154295.04
2025-03-22,DXB-BKK,5,3,278.25,0,559,155543.96
2025-03-23,DXB-BKK,6,3,277.52,0,495,137374.55
2025-03-24,DXB-BKK,0,3,277.21,0,514,142487.7
2025-03-25,DXB-BKK,1,3,279.19,0,462,128984.16
2025-03-26,DXB-BKK,2,3,279.22,0,415,115876.25
2025-03-27,DXB-BKK,3,3,277.8,0,562,156121.39
2025-03-28,DXB-BKK,4,3,276.5,0,609,168387.67
2025-03-29,DXB-BKK,5,3,277.16,0,582,161308.44
2025-03-30,DXB-BKK,6,3,278.88,0,522,145576.74
2025-03-31,DXB-BKK,0,3,210.49,1,705,148395.25
2025-04-01,DXB-BKK,1,4,279.89,0,489,136864.99
2025-04-02,DXB-BKK,2,4,280.58,0,434,121771.17
2025-04-03,DXB-BKK,3,4,282.49,0,508,143502.58
2025-04-04,DXB-BKK,4,4,279.34,0,548,153078.63
2025-04-05,DXB-BKK,5,4,280.12,0,534,149585.38
2025-04-06,DXB-BKK,6,4,281.38,0,575,161793.84
2025-04-07,DXB-BKK,0,4,279.16,0,419,116966.61
2025-04-08,DXB-BKK,1,4,277.61,0,452,125481.38
2025-04-09,DXB-BKK,2,4,276.12,0,421,116248.48
2025-04-10,DXB-BKK,3,4,274.82,0,517,142082.05
2025-04-11,DXB-BKK,4,4,273.89,0,598,163784.99
2025-04-12,DXB-BKK,5,4,274.04,0,579,158671.33
2025-04-13,DXB-BKK,6,4,275.14,0,549,151049.53
2025-04-14,DXB-BKK,0,4,276.55,0,454,125555.0
2025-04-15,DXB-BKK,1,4,275.09,0,487,133970.25
2025-04-16,DXB-BKK,2,4,273.62,0,519,142011.0
2025-04-17,DXB-BKK,3,4,275.4,0,513,141279.22
2025-04-18,DXB-BKK,4,4,276.17,0,583,161007.1
2025-04-19,DXB-BKK,5,4,276.1,0,613,169247.92
2025-04-20,DXB-BKK,6,4,276.61,0,550,152137.11
2025-04-21,DXB-BKK,0,4,276.38,0,466,128790.8
2025-04-22,DXB-BKK,1,4,276.97,0,460,127406.48
2025-04-23,DXB-BKK,2,4,276.28,0,470,129850.14
2025-04-24,DXB-BKK,3,4,276.49,0,537,148476.33
2025-04-25,DXB-BKK,4,4,274.04,0,640,175385.81
2025-04-26,DXB-BKK,5,4,272.82,0,649,177063.0
2025-04-27,DXB-BKK,6,4,271.63,0,575,156185.14
2025-04-28,DXB-BKK,0,4,270.88,0,507,137338.21
2025-04-29,DXB-BKK,1,4,269.32,0,477,128463.45
2025-04-30,DXB-BKK,2,4,268.34,0,516,138462.44
2025-05-01,DXB-BKK,3,5,265.89,0,538,143049.5
2025-05-02,DXB-BKK,4,5,266.54,0,677,180448.26
2025-05-03,DXB-BKK,5,5,266.25,0,549,146168.93
2025-05-04,DXB-BKK,6,5,263.52,0,584,153894.75
2025-05-05,DXB-BKK,0,5,262.1,0,556,145726.77
2025-05-06,DXB-BKK,1,5,262.44,0,467,122558.39
2025-05-07,DXB-BKK,2,5,261.46,0,549,143541.15
2025-05-08,DXB-BKK,3,5,260.25,0,580,150946.15
2025-05-09,DXB-BKK,4,5,259.98,0,651,169247.07
2025-05-10,DXB-BKK,5,5,260.34,0,734,191087.75
2025-05-11,DXB-BKK,6,5,258.03,0,626,161524.88
2025-05-12,DXB-BKK,0,5,258.7,0,475,122881.6
2025-05-13,DXB-BKK,1,5,257.35,0,504,129702.18
2025-05-14,DXB-BKK,2,5,257.17,0,594,152758.16
2025-05-15,DXB-BKK,3,5,256.97,0,646,166000.96
2025-05-16,DXB-BKK,4,5,256.03,0,769,196887.67
2025-05-17,DXB-BKK,5,5,254.35,0,810,206024.52
2025-05-18,DXB-BKK,6,5,253.78,0,635,161150.78
2025-05-19,DXB-BKK,0,5,256.08,0,646,165426.91
2025-05-20,DXB-BKK,1,5,253.9,0,560,142183.12
2025-05-21,DXB-BKK,2,5,256.3,0,544,139427.79
2025-05-22,DXB-BKK,3,5,255.78,0,624,159605.33
2025-05-23,DXB-BKK,4,5,255.7,0,617,157766.4
2025-05-24,DXB-BKK,5,5,253.94,0,828,210261.96
2025-05-25,DXB-BKK,6,5,252.66,0,733,185196.27
2025-05-26,DXB-BKK,0,5,251.78,0,555,139735.41
2025-05-27,DXB-BKK,1,5,250.08,0,579,144798.5
2025-05-28,DXB-BKK,2,5,249.65,0,620,154782.57
2025-05-29,DXB-BKK,3,5,248.92,0,655,163042.49
2025-05-30,DXB-BKK,4,5,251.58,0,672,169061.23
2025-05-31,DXB-BKK,5,5,249.72,0,786,196276.47
2025-06-01,DXB-BKK,6,6,249.76,0,685,171083.66
2025-06-02,DXB-BKK,0,6,250.02,0,599,149761.16
2025-06-03,DXB-BKK,1,6,248.31,0,617,153204.2
2025-06-04,DXB-BKK,2,6,249.23,0,689,171719.01
2025-06-05,DXB-BKK,3,6,248.53,0,702,174466.72
2025-06-06,DXB-BKK,4,6,244.69,0,814,199176.0
2025-06-07,DXB-BKK,5,6,245.58,0,875,214881.09
2025-06-08,DXB-BKK,6,6,243.81,0,770,187730.51
2025-06-09,DXB-BKK,0,6,242.14,0,638,154484.87
2025-06-10,DXB-BKK,1,6,243.08,0,650,158001.01
2025-06-11,DXB-BKK,2,6,242.47,0,703,170454.5
2025-06-12,DXB-BKK,3,6,243.76,0,705,171847.8
2025-06-13,DXB-BKK,4,6,245.49,0,884,217008.78
2025-06-14,DXB-BKK,5,6,244.43,0,940,229767.91
2025-06-15,DXB-BKK,6,6,245.54,0,722,177281.61
2025-06-16,DXB-BKK,0,6,244.33,0,676,165167.1
2025-06-17,DXB-BKK,1,6,247.6,0,667,165151.07
2025-06-18,DXB-BKK,2,6,246.49,0,656,161696.61
2025-06-19,DXB-BKK,3,6,247.96,0,774,191917.56
2025-06-20,DXB-BKK,4,6,249.15,0,828,206297.13
2025-06-21,DXB-BKK,5,6,249.56,0,780,194654.83
2025-06-22,DXB-BKK,6,6,248.49,0,777,193073.76
2025-06-23,DXB-BKK,0,6,248.2,0,621,154129.66
2025-06-24,DXB-BKK,1,6,244.9,0,704,172412.87
2025-06-25,DXB-BKK,2,6,245.18,0,668,163782.05
2025-06-26,DXB-BKK,3,6,245.65,0,770,189151.17
2025-06-27,DXB-BKK,4,6,245.8,0,922,226624.99
2025-06-28,DXB-BKK,5,6,241.29,0,945,228014.88
2025-06-29,DXB-BKK,6,6,239.34,0,762,182375.43
2025-06-30,DXB-BKK,0,6,238.17,0,677,161240.23
2025-07-01,DXB-BKK,1,7,238.56,0,679,161983.31
2025-07-02,DXB-BKK,2,7,238.95,0,752,179692.86
2025-07-03,DXB-BKK,3,7,199.25,1,1123,223763.2
2025-07-04,DXB-BKK,4,7,239.57,0,852,204116.36
2025-07-05,DXB-BKK,5,7,238.0,0,881,209676.71
2025-07-06,DXB-BKK,6,7,238.88,0,839,200421.11
2025-07-07,DXB-BKK,0,7,239.56,0,712,170568.47
2025-07-08,DXB-BKK,1,7,240.1,0,793,190399.72
2025-07-09,DXB-BKK,2,7,186.99,1,1097,205128.97
2025-07-10,DXB-BKK,3,7,242.52,0,894,216816.57
2025-07-11,DXB-BKK,4,7,243.24,0,818,198972.55
2025-07-12,DXB-BKK,5,7,241.77,0,839,202846.18
2025-07-13,DXB-BKK,6,7,242.13,0,754,182564.02
2025-07-14,DXB-BKK,0,7,243.24,0,753,183161.18
2025-07-15,DXB-BKK,1,7,242.35,0,764,185153.88
2025-07-16,DXB-BKK,2,7,243.97,0,681,166145.28
2025-07-17,DXB-BKK,3,7,244.54,0,772,188783.73
2025-07-18,DXB-BKK,4,7,241.02,0,827,199323.62
2025-07-19,DXB-BKK,5,7,241.47,0,824,198969.04
2025-07-20,DXB-BKK,6,7,240.86,0,846,203766.09
2025-07-21,DXB-BKK,0,7,241.67,0,715,172791.5
2025-07-22,DXB-BKK,1,7,243.09,0,684,166271.85
2025-07-23,DXB-BKK,2,7,243.39,0,651,158445.17
2025-07-24,DXB-BKK,3,7,245.89,0,857,210731.77
2025-07-25,DXB-BKK,4,7,245.64,0,828,203388.67
2025-07-26,DXB-BKK,5,7,246.59,0,913,225136.58
2025-07-27,DXB-BKK,6,7,247.81,0,699,173221.89
2025-07-28,DXB-BKK,0,7,247.69,0,663,164216.32
2025-07-29,DXB-BKK,1,7,175.15,1,1159,202997.75
2025-07-30,DXB-BKK,2,7,248.01,0,694,172117.4
2025-07-31,DXB-BKK,3,7,247.4,0,768,190003.12
2025-08-01,DXB-BKK,4,8,245.46,0,867,212813.37
2025-08-02,DXB-BKK,5,8,245.85,0,815,200369.59
2025-08-03,DXB-BKK,6,8,246.37,0,770,189707.33
2025-08-04,DXB-BKK,0,8,248.18,0,661,164045.26
2025-08-05,DXB-BKK,1,8,249.4,0,645,160864.17
2025-08-06,DXB-BKK,2,8,218.11,1,824,179718.92
2025-08-07,DXB-BKK,3,8,247.29,0,691,170877.22
2025-08-08,DXB-BKK,4,8,211.19,1,968,204431.22
2025-08-09,DXB-BKK,5,8,249.7,0,725,181030.25
2025-08-10,DXB-BKK,6,8,250.88,0,760,190668.07
2025-08-11,DXB-BKK,0,8,252.56,0,657,165930.24
2025-08-12,DXB-BKK,1,8,252.29,0,642,161972.5
2025-08-13,DXB-BKK,2,8,251.65,0,651,163824.15
2025-08-14,DXB-BKK,3,8,250.6,0,625,156627.05
2025-08-15,DXB-BKK,4,8,250.58,0,735,184176.58
2025-08-16,DXB-BKK,5,8,250.53,0,823,206182.68
2025-08-17,DXB-BKK,6,8,250.9,0,715,179394.42
2025-08-18,DXB-BKK,0,8,250.78,0,611,153223.64
2025-08-19,DXB-BKK,1,8,250.64,0,618,154898.53
2025-08-20,DXB-BKK,2,8,249.55,0,635,158465.67
2025-08-21,DXB-BKK,3,8,251.04,0,705,176982.75
2025-08-22,DXB-BKK,4,8,251.23,0,734,184403.64
2025-08-23,DXB-BKK,5,8,251.05,0,842,211382.99
2025-08-24,DXB-BKK,6,8,250.01,0,680,170006.15
2025-08-25,DXB-BKK,0,8,248.09,0,568,140917.92
2025-08-26,DXB-BKK,1,8,250.14,0,567,141831.02
2025-08-27,DXB-BKK,2,8,251.06,0,603,151391.06
2025-08-28,DXB-BKK,3,8,248.72,0,738,183553.69
2025-08-29,DXB-BKK,4,8,249.96,0,753,188216.25
2025-08-30,DXB-BKK,5,8,251.43,0,769,193352.64
2025-08-31,DXB-BKK,6,8,251.72,0,627,157826.94
2025-09-01,DXB-BKK,0,9,194.49,1,937,182237.59
2025-09-02,DXB-BKK,1,9,182.91,1,926,169376.45
2025-09-03,DXB-BKK,2,9,252.62,0,595,150308.56
2025-09-04,DXB-BKK,3,9,253.27,0,724,183369.79
2025-09-05,DXB-BKK,4,9,253.75,0,746,189296.54
2025-09-06,DXB-BKK,5,9,252.95,0,684,173020.63
2025-09-07,DXB-BKK,6,9,253.93,0,588,149309.08
2025-09-08,DXB-BKK,0,9,251.54,0,582,146396.4
2025-09-09,DXB-BKK,1,9,253.14,0,523,132393.74
2025-09-10,DXB-BKK,2,9,251.94,0,616,155197.95
2025-09-11,DXB-BKK,3,9,250.59,0,669,167643.67
2025-09-12,DXB-BKK,4,9,250.54,0,737,184648.7
2025-09-13,DXB-BKK,5,9,251.32,0,724,181952.66
2025-09-14,DXB-BKK,6,9,251.69,0,728,183229.75
2025-09-15,DXB-BKK,0,9,250.7,0,679,170228.58
2025-09-16,DXB-BKK,1,9,250.08,0,559,139793.27
2025-09-17,DXB-BKK,2,9,248.51,0,612,152089.12
2025-09-18,DXB-BKK,3,9,248.31,0,673,167112.95
2025-09-19,DXB-BKK,4,9,250.06,0,713,178293.45
2025-09-20,DXB-BKK,5,9,250.19,0,717,179389.48
2025-09-21,DXB-BKK,6,9,251.63,0,611,153743.3
2025-09-22,DXB-BKK,0,9,253.95,0,525,133325.25
2025-09-23,DXB-BKK,1,9,253.22,0,567,143574.01
2025-09-24,DXB-BKK,2,9,253.09,0,560,141727.71
2025-09-25,DXB-BKK,3,9,193.99,1,834,161787.32
2025-09-26,DXB-BKK,4,9,258.81,0,699,180908.72
2025-09-27,DXB-BKK,5,9,256.46,0,719,184392.06
2025-09-28,DXB-BKK,6,9,200.74,1,1007,202147.55
2025-09-29,DXB-BKK,0,9,257.35,0,561,144374.46
2025-09-30,DXB-BKK,1,9,258.75,0,484,125235.8
2025-10-01,DXB-BKK,2,10,257.8,0,483,124515.54
2025-10-02,DXB-BKK,3,10,256.7,0,600,154020.37
2025-10-03,DXB-BKK,4,10,255.85,0,665,170141.78
2025-10-04,DXB-BKK,5,10,255.16,0,764,194943.86
2025-10-05,DXB-BKK,6,10,186.23,1,1047,194979.6
2025-10-06,DXB-BKK,0,10,254.95,0,593,151187.97
2025-10-07,DXB-BKK,1,10,254.19,0,502,127605.32
2025-10-08,DXB-BKK,2,10,251.69,0,612,154031.57
2025-10-09,DXB-BKK,3,10,253.37,0,667,169000.01
2025-10-10,DXB-BKK,4,10,255.46,0,607,155063.48
2025-10-11,DXB-BKK,5,10,255.15,0,779,198761.0
2025-10-12,DXB-BKK,6,10,254.88,0,636,162106.57
2025-10-13,DXB-BKK,0,10,207.61,1,788,163592.97
2025-10-14,DXB-BKK,1,10,258.15,0,504,130105.88
2025-10-15,DXB-BKK,2,10,258.95,0,595,154073.71
2025-10-16,DXB-BKK,3,10,258.09,0,576,148660.29
2025-10-17,DXB-BKK,4,10,255.85,0,723,184982.41
2025-10-18,DXB-BKK,5,10,254.37,0,761,193578.94
2025-10-19,DXB-BKK,6,10,254.68,0,597,152043.44
2025-10-20,DXB-BKK,0,10,253.89,0,624,158429.06
2025-10-21,DXB-BKK,1,10,254.38,0,552,140419.66
2025-10-22,DXB-BKK,2,10,253.75,0,593,150476.13
2025-10-23,DXB-BKK,3,10,252.37,0,584,147383.15
2025-10-24,DXB-BKK,4,10,250.81,0,802,201146.52
2025-10-25,DXB-BKK,5,10,253.35,0,677,171521.05
2025-10-26,DXB-BKK,6,10,254.89,0,672,171289.17
2025-10-27,DXB-BKK,0,10,257.7,0,513,132199.34
2025-10-28,DXB-BKK,1,10,258.72,0,511,132204.99
2025-10-29,DXB-BKK,2,10,258.28,0,582,150321.58
2025-10-30,DXB-BKK,3,10,260.48,0,650,169313.56
2025-10-31,DXB-BKK,4,10,260.65,0,619,161340.64
2025-11-01,DXB-BKK,5,11,261.19,0,743,194067.49
2025-11-02,DXB-BKK,6,11,261.35,0,648,169353.32
2025-11-03,DXB-BKK,0,11,257.15,0,518,133201.81
2025-11-04,DXB-BKK,1,11,259.77,0,579,150409.12
2025-11-05,DXB-BKK,2,11,260.73,0,501,130626.94
2025-11-06,DXB-BKK,3,11,261.45,0,588,153732.94
2025-11-07,DXB-BKK,4,11,261.58,0,688,179968.95
2025-11-08,DXB-BKK,5,11,262.05,0,661,173217.83
2025-11-09,DXB-BKK,6,11,217.62,1,834,181496.42
2025-11-10,DXB-BKK,0,11,262.54,0,541,142034.12
2025-11-11,DXB-BKK,1,11,260.81,0,522,136142.72
2025-11-12,DXB-BKK,2,11,261.32,0,578,151043.4
2025-11-13,DXB-BKK,3,11,262.4,0,603,158224.98
2025-11-14,DXB-BKK,4,11,262.33,0,680,178386.34
2025-11-15,DXB-BKK,5,11,263.13,0,746,196291.25
2025-11-16,DXB-BKK,6,11,261.88,0,646,169171.35
2025-11-17,DXB-BKK,0,11,260.66,0,571,148839.62
2025-11-18,DXB-BKK,1,11,261.26,0,496,129584.77
2025-11-19,DXB-BKK,2,11,262.52,0,572,150160.52
2025-11-20,DXB-BKK,3,11,259.95,0,597,155189.12
2025-11-21,DXB-BKK,4,11,260.97,0,636,165979.92
2025-11-22,DXB-BKK,5,11,260.4,0,721,187751.65
2025-11-23,DXB-BKK,6,11,228.07,1,743,169456.43
2025-11-24,DXB-BKK,0,11,258.6,0,593,153349.07
2025-11-25,DXB-BKK,1,11,257.57,0,587,151193.26
2025-11-26,DXB-BKK,2,11,213.84,1,701,149899.12
2025-11-27,DXB-BKK,3,11,259.57,0,619,160672.28
2025-11-28,DXB-BKK,4,11,259.24,0,656,170064.57
2025-11-29,DXB-BKK,5,11,259.32,0,733,190083.44
2025-11-30,DXB-BKK,6,11,260.31,0,678,176490.15
2025-12-01,DXB-BKK,0,12,261.23,0,570,148898.44
2025-12-02,DXB-BKK,1,12,261.37,0,549,143491.28
2025-12-03,DXB-BKK,2,12,263.26,0,638,167962.78
2025-12-04,DXB-BKK,3,12,264.98,0,567,150242.47
2025-12-05,DXB-BKK,4,12,265.86,0,776,206304.71
2025-12-06,DXB-BKK,5,12,266.2,0,733,195123.2
2025-12-07,DXB-BKK,6,12,267.44,0,659,176245.98
2025-12-08,DXB-BKK,0,12,268.18,0,563,150983.89
2025-12-09,DXB-BKK,1,12,270.03,0,619,167149.17
2025-12-10,DXB-BKK,2,12,271.64,0,546,148317.37
2025-12-11,DXB-BKK,3,12,270.38,0,668,180614.0
2025-12-12,DXB-BKK,4,12,269.02,0,765,205797.42
2025-12-13,DXB-BKK,5,12,268.23,0,706,189370.47
2025-12-14,DXB-BKK,6,12,269.96,0,643,173584.86
2025-12-15,DXB-BKK,0,12,267.86,0,601,160986.15
2025-12-16,DXB-BKK,1,12,268.72,0,561,150754.2
2025-12-17,DXB-BKK,2,12,269.54,0,587,158218.09
2025-12-18,DXB-BKK,3,12,271.55,0,669,181667.2
2025-12-19,DXB-BKK,4,12,272.09,0,777,211414.88
2025-12-20,DXB-BKK,5,12,270.35,0,773,208978.57
2025-12-21,DXB-BKK,6,12,269.18,0,741,199462.47
2025-12-22,DXB-BKK,0,12,267.68,0,578,154718.75
2025-12-23,DXB-BKK,1,12,267.15,0,558,149067.25
2025-12-24,DXB-BKK,2,12,267.14,0,702,187535.71
2025-12-25,DXB-BKK,3,12,265.67,0,680,180656.26
2025-12-26,DXB-BKK,4,12,268.15,0,702,188242.55
2025-12-27,DXB-BKK,5,12,266.44,0,717,191036.94
2025-12-28,DXB-BKK,6,12,268.73,0,732,196713.54
2025-12-29,DXB-BKK,0,12,270.79,0,581,157328.15
2025-12-30,DXB-BKK,1,12,272.41,0,563,153368.5
2024-01-01,DXB-BOM,0,1,209.23,0,381,79716.31
2024-01-02,DXB-BOM,1,1,207.61,0,396,82211.87
2024-01-03,DXB-BOM,2,1,210.46,0,373,78500.78
2024-01-04,DXB-BOM,3,1,181.28,1,618,112031.64
2024-01-05,DXB-BOM,4,1,210.49,0,429,90300.49
2024-01-06,DXB-BOM,5,1,209.27,0,532,111332.88
2024-01-07,DXB-BOM,6,1,213.85,0,435,93025.03
2024-01-08,DXB-BOM,0,1,158.55,1,563,89262.33
2024-01-09,DXB-BOM,1,1,211.95,0,423,89653.49
2024-01-10,DXB-BOM,2,1,212.75,0,377,80204.9
2024-01-11,DXB-BOM,3,1,213.82,0,397,84886.49
2024-01-12,DXB-BOM,4,1,215.43,0,414,89188.47
2024-01-13,DXB-BOM,5,1,218.32,0,455,99334.1
2024-01-14,DXB-BOM,6,1,219.25,0,398,87261.5
2024-01-15,DXB-BOM,0,1,217.84,0,358,77986.66
2024-01-16,DXB-BOM,1,1,217.63,0,342,74428.82
2024-01-17,DXB-BOM,2,1,218.26,0,376,82067.05
2024-01-18,DXB-BOM,3,1,221.54,0,385,85292.56
2024-01-19,DXB-BOM,4,1,219.62,0,388,85210.83
2024-01-20,DXB-BOM,5,1,221.59,0,446,98830.18
2024-01-21,DXB-BOM,6,1,222.03,0,337,74825.76
2024-01-22,DXB-BOM,0,1,223.46,0,348,77765.51
2024-01-23,DXB-BOM,1,1,223.48,0,314,70173.76
2024-01-24,DXB-BOM,2,1,222.39,0,355,78949.02
2024-01-25,DXB-BOM,3,1,223.69,0,419,93725.93
2024-01-26,DXB-BOM,4,1,224.84,0,398,89487.34
2024-01-27,DXB-BOM,5,1,226.47,0,462,104629.93
2024-01-28,DXB-BOM,6,1,226.62,0,370,83850.33
2024-01-29,DXB-BOM,0,1,225.89,0,370,83580.49
2024-01-30,DXB-BOM,1,1,170.93,1,530,90591.23
2024-01-31,DXB-BOM,2,1,225.12,0,327,73615.52
2024-02-01,DXB-BOM,3,2,165.12,1,701,115751.63
2024-02-02,DXB-BOM,4,2,224.65,0,413,92780.22
2024-02-03,DXB-BOM,5,2,224.01,0,422,94532.31
2024-02-04,DXB-BOM,6,2,223.48,0,380,84921.75
2024-02-05,DXB-BOM,0,2,221.42,0,347,76833.31
2024-02-06,DXB-BOM,1,2,192.32,1,475,91351.67
2024-02-07,DXB-BOM,2,2,218.83,0,322,70462.85
2024-02-08,DXB-BOM,3,2,218.38,0,409,89316.0
2024-02-09,DXB-BOM,4,2,217.43,0,468,101759.37
2024-02-10,DXB-BOM,5,2,215.16,0,485,104352.43
2024-02-11,DXB-BOM,6,2,218.36,0,441,96296.17
2024-02-12,DXB-BOM,0,2,220.4,0,351,77361.14
2024-02-13,DXB-BOM,1,2,219.4,0,344,75472.82
2024-02-14,DXB-BOM,2,2,192.42,1,476,91591.25
2024-02-15,DXB-BOM,3,2,220.76,0,404,89186.75
2024-02-16,DXB-BOM,4,2,222.71,0,423,94205.69
2024-02-17,DXB-BOM,5,2,221.64,0,470,104172.02
2024-02-18,DXB-BOM,6,2,223.44,0,378,84461.16
2024-02-19,DXB-BOM,0,2,222.78,0,334,74408.95
2024-02-20,DXB-BOM,1,2,220.94,0,333,73572.29
2024-02-21,DXB-BOM,2,2,175.73,1,587,103151.05
2024-02-22,DXB-BOM,3,2,224.28,0,316,70872.17
2024-02-23,DXB-BOM,4,2,228.32,0,425,97035.74
2024-02-24,DXB-BOM,5,2,226.68,0,440,99738.18
2024-02-25,DXB-BOM,6,2,227.88,0,342,77936.1
2024-02-26,DXB-BOM,0,2,227.43,0,341,77552.01
2024-02-27,DXB-BOM,1,2,228.76,0,334,76404.58
2024-02-28,DXB-BOM,2,2,226.71,0,357,80933.97
2024-02-29,DXB-BOM,3,2,161.4,1,597,96356.0
2024-03-01,DXB-BOM,4,3,223.96,0,467,104587.62
2024-03-02,DXB-BOM,5,3,224.23,0,429,96193.83
2024-03-03,DXB-BOM,6,3,223.42,0,412,92048.6
2024-03-04,DXB-BOM,0,3,224.56,0,359,80616.79
2024-03-05,DXB-BOM,1,3,226.25,0,315,71268.97
2024-03-06,DXB-BOM,2,3,227.3,0,358,81373.54
2024-03-07,DXB-BOM,3,3,229.88,0,368,84595.16
2024-03-08,DXB-BOM,4,3,230.65,0,359,82803.6
2024-03-09,DXB-BOM,5,3,228.97,0,465,106472.63
2024-03-10,DXB-BOM,6,3,231.17,0,356,82294.99
2024-03-11,DXB-BOM,0,3,230.4,0,313,72116.59
2024-03-12,DXB-BOM,1,3,231.92,0,311,72125.79
2024-03-13,DXB-BOM,2,3,234.42,0,332,77827.83
2024-03-14,DXB-BOM,3,3,235.25,0,362,85160.58
2024-03-15,DXB-BOM,4,3,233.15,0,417,97223.2
2024-03-16,DXB-BOM,5,3,231.91,0,392,90910.36
2024-03-17,DXB-BOM,6,3,234.04,0,350,81913.93
2024-03-18,DXB-BOM,0,3,233.93,0,320,74856.56
2024-03-19,DXB-BOM,1,3,234.19,0,350,81965.05
2024-03-20,DXB-BOM,2,3,235.46,0,323,76054.54
2024-03-21,DXB-BOM,3,3,236.65,0,384,90871.85
2024-03-22,DXB-BOM,4,3,237.2,0,394,93457.08
2024-03-23,DXB-BOM,5,3,237.02,0,399,94572.53
2024-03-24,DXB-BOM,6,3,236.69,0,356,84261.68
2024-03-25,DXB-BOM,0,3,238.11,0,310,73814.5
2024-03-26,DXB-BOM,1,3,239.08,0,315,75308.63
2024-03-27,DXB-BOM,2,3,238.82,0,345,82393.41
2024-03-28,DXB-BOM,3,3,240.58,0,359,86366.83
2024-03-29,DXB-BOM,4,3,240.51,0,413,99331.9
2024-03-30,DXB-BOM,5,3,239.37,0,382,91437.47
2024-03-31,DXB-BOM,6,3,238.36,0,349,83185.96
2024-04-01,DXB-BOM,0,4,237.01,0,303,71815.43
2024-04-02,DXB-BOM,1,4,236.73,0,317,75044.22
2024-04-03,DXB-BOM,2,4,238.71,0,314,74954.53
2024-04-04,DXB-BOM,3,4,237.63,0,377,89584.83
2024-04-05,DXB-BOM,4,4,238.03,0,373,88785.84
2024-04-06,DXB-BOM,5,4,237.17,0,416,98662.37
2024-04-07,DXB-BOM,6,4,175.91,1,648,113989.8
2024-04-08,DXB-BOM,0,4,234.76,0,284,66670.53
2024-04-09,DXB-BOM,1,4,234.54,0,359,84201.24
2024-04-10,DXB-BOM,2,4,180.16,1,526,94764.59
2024-04-11,DXB-BOM,3,4,202.27,1,427,86370.56
2024-04-12,DXB-BOM,4,4,235.75,0,408,96186.01
2024-04-13,DXB-BOM,5,4,234.07,0,429,100414.91
2024-04-14,DXB-BOM,6,4,235.81,0,368,86777.17
2024-04-15,DXB-BOM,0,4,236.24,0,343,81028.85
2024-04-16,DXB-BOM,1,4,236.64,0,330,78092.82
2024-04-17,DXB-BOM,2,4,236.74,0,336,79545.19
2024-04-18,DXB-BOM,3,4,236.07,0,381,89944.33
2024-04-19,DXB-BOM,4,4,236.51,0,403,95313.23
2024-04-20,DXB-BOM,5,4,237.33,0,466,110595.64
2024-04-21,DXB-BOM,6,4,234.82,0,343,80541.64
2024-04-22,DXB-BOM,0,4,184.32,1,515,94924.45
2024-04-23,DXB-BOM,1,4,233.83,0,327,76463.39
2024-04-24,DXB-BOM,2,4,178.24,1,583,103914.82
2024-04-25,DXB-BOM,3,4,236.21,0,356,84091.05
2024-04-26,DXB-BOM,4,4,235.15,0,371,87241.84
2024-04-27,DXB-BOM,5,4,234.51,0,440,103182.23
2024-04-28,DXB-BOM,6,4,233.83,0,391,91429.04
2024-04-29,DXB-BOM,0,4,232.73,0,371,86342.08
2024-04-30,DXB-BOM,1,4,232.3,0,309,71781.43
2024-05-01,DXB-BOM,2,5,233.55,0,371,86647.98
2024-05-02,DXB-BOM,3,5,178.9,1,716,128094.19
2024-05-03,DXB-BOM,4,5,232.8,0,419,97542.21
2024-05-04,DXB-BOM,5,5,230.33,0,422,97201.37
2024-05-05,DXB-BOM,6,5,229.58,0,393,90225.71
2024-05-06,DXB-BOM,0,5,229.18,0,356,81586.45
2024-05-07,DXB-BOM,1,5,231.77,0,353,81816.28
2024-05-08,DXB-BOM,2,5,231.45,0,346,80080.71
2024-05-09,DXB-BOM,3,5,228.23,0,450,102703.12
2024-05-10,DXB-BOM,4,5,225.31,0,432,97335.4
2024-05-11,DXB-BOM,5,5,225.45,0,434,97843.48
2024-05-12,DXB-BOM,6,5,226.45,0,449,101674.47
2024-05-13,DXB-BOM,0,5,227.09,0,318,72214.11
2024-05-14,DXB-BOM,1,5,227.42,0,356,80960.51
2024-05-15,DXB-BOM,2,5,229.24,0,442,101322.61
2024-05-16,DXB-BOM,3,5,228.5,0,420,95970.88
2024-05-17,DXB-BOM,4,5,229.92,0,426,97945.04
2024-05-18,DXB-BOM,5,5,227.54,0,485,110357.9
2024-05-19,DXB-BOM,6,5,226.26,0,430,97289.84
2024-05-20,DXB-BOM,0,5,176.26,1,601,105934.66
2024-05-21,DXB-BOM,1,5,181.21,1,578,104738.08
2024-05-22,DXB-BOM,2,5,223.27,0,375,83725.37
2024-05-23,DXB-BOM,3,5,223.5,0,493,110187.6
2024-05-24,DXB-BOM,4,5,223.66,0,499,111606.92
2024-05-25,DXB-BOM,5,5,222.33,0,543,120726.59
2024-05-26,DXB-BOM,6,5,222.11,0,440,97727.77
2024-05-27,DXB-BOM,0,5,219.92,0,441,96985.78
2024-05-28,DXB-BOM,1,5,222.03,0,389,86368.07
2024-05-29,DXB-BOM,2,5,221.63,0,423,93748.51
2024-05-30,DXB-BOM,3,5,220.95,0,443,97880.96
2024-05-31,DXB-BOM,4,5,223.39,0,475,106109.37
2024-06-01,DXB-BOM,5,6,172.18,1,881,151692.07
2024-06-02,DXB-BOM,6,6,219.94,0,466,102492.6
2024-06-03,DXB-BOM,0,6,218.35,0,404,88212.26
2024-06-04,DXB-BOM,1,6,218.29,0,403,87972.6
2024-06-05,DXB-BOM,2,6,218.99,0,455,99640.11
2024-06-06,DXB-BOM,3,6,220.14,0,466,102587.51
2024-06-07,DXB-BOM,4,6,224.05,0,513,114936.4
2024-06-08,DXB-BOM,5,6,220.72,0,556,122718.49
2024-06-09,DXB-BOM,6,6,221.67,0,428,94875.48
2024-06-10,DXB-BOM,0,6,220.88,0,391,86362.69
2024-06-11,DXB-BOM,1,6,220.04,0,432,95055.49
2024-06-12,DXB-BOM,2,6,219.14,0,427,93574.41
2024-06-13,DXB-BOM,3,6,217.82,0,539,117403.28
2024-06-14,DXB-BOM,4,6,220.38,0,577,127158.34
2024-06-15,DXB-BOM,5,6,156.71,1,1100,172379.73
2024-06-16,DXB-BOM,6,6,185.28,1,759,140630.77
2024-06-17,DXB-BOM,0,6,223.8,0,426,95338.31
2024-06-18,DXB-BOM,1,6,221.56,0,445,98593.79
2024-06-19,DXB-BOM,2,6,219.59,0,440,96619.87
2024-06-20,DXB-BOM,3,6,216.35,0,601,130026.24
2024-06-21,DXB-BOM,4,6,179.02,1,906,162191.45
2024-06-22,DXB-BOM,5,6,215.59,0,606,130648.26
2024-06-23,DXB-BOM,6,6,215.77,0,543,117161.64
2024-06-24,DXB-BOM,0,6,216.01,0,503,108653.87
2024-06-25,DXB-BOM,1,6,181.33,1,620,112422.51
2024-06-26,DXB-BOM,2,6,215.14,0,462,99392.92
2024-06-27,DXB-BOM,3,6,215.51,0,565,121764.08
2024-06-28,DXB-BOM,4,6,216.63,0,586,126942.71
2024-06-29,DXB-BOM,5,6,213.8,0,631,134907.65
2024-06-30,DXB-BOM,6,6,214.28,0,518,110996.34
2024-07-01,DXB-BOM,0,7,212.51,0,436,92653.14
2024-07-02,DXB-BOM,1,7,211.92,0,485,102781.17
2024-07-03,DXB-BOM,2,7,160.6,1,868,139397.17
2024-07-04,DXB-BOM,3,7,212.87,0,547,116440.57
2024-07-05,DXB-BOM,4,7,211.6,0,667,141136.07
2024-07-06,DXB-BOM,5,7,211.61,0,615,130140.53
2024-07-07,DXB-BOM,6,7,209.31,0,537,112402.03
2024-07-08,DXB-BOM,0,7,211.04,0,493,104042.8
2024-07-09,DXB-BOM,1,7,210.73,0,483,101782.96
2024-07-10,DXB-BOM,2,7,212.41,0,523,111088.17
2024-07-11,DXB-BOM,3,7,211.61,0,536,113423.76
2024-07-12,DXB-BOM,4,7,210.82,0,671,141460.42
2024-07-13,DXB-BOM,5,7,174.3,1,1019,177614.19
2024-07-14,DXB-BOM,6,7,210.97,0,564,118988.34
2024-07-15,DXB-BOM,0,7,209.9,0,537,112715.16
2024-07-16,DXB-BOM,1,7,210.85,0,454,95727.31
2024-07-17,DXB-BOM,2,7,210.27,0,541,113754.07
2024-07-18,DXB-BOM,3,7,207.29,0,618,128103.85
2024-07-19,DXB-BOM,4,7,206.42,0,674,139124.58
2024-07-20,DXB-BOM,5,7,179.51,1,858,154021.53
2024-07-21,DXB-BOM,6,7,204.66,0,488,99875.09
2024-07-22,DXB-BOM,0,7,202.86,0,507,102848.04
2024-07-23,DXB-BOM,1,7,204.22,0,490,100069.38
2024-07-24,DXB-BOM,2,7,204.06,0,500,102031.67
2024-07-25,DXB-BOM,3,7,203.77,0,598,121855.79
2024-07-26,DXB-BOM,4,7,204.73,0,627,128365.65
2024-07-27,DXB-BOM,5,7,206.15,0,629,129667.2
2024-07-28,DXB-BOM,6,7,206.09,0,542,111700.23
2024-07-29,DXB-BOM,0,7,204.9,0,489,100196.94
2024-07-30,DXB-BOM,1,7,202.21,0,545,110203.82
2024-07-31,DXB-BOM,2,7,201.15,0,516,103791.56
2024-08-01,DXB-BOM,3,8,200.19,0,585,117108.71
2024-08-02,DXB-BOM,4,8,200.31,0,641,128398.85
2024-08-03,DXB-BOM,5,8,199.75,0,703,140427.68
2024-08-04,DXB-BOM,6,8,200.75,0,612,122857.61
2024-08-05,DXB-BOM,0,8,199.79,0,429,85708.96
2024-08-06,DXB-BOM,1,8,199.66,0,544,108615.22
2024-08-07,DXB-BOM,2,8,201.39,0,571,114995.41
2024-08-08,DXB-BOM,3,8,201.86,0,547,110417.99
2024-08-09,DXB-BOM,4,8,201.72,0,601,121236.64
2024-08-10,DXB-BOM,5,8,200.77,0,651,130704.14
2024-08-11,DXB-BOM,6,8,199.78,0,563,112473.68
2024-08-12,DXB-BOM,0,8,198.45,0,528,104781.28
2024-08-13,DXB-BOM,1,8,197.59,0,452,89308.94
2024-08-14,DXB-BOM,2,8,198.67,0,493,97942.61
2024-08-15,DXB-BOM,3,8,198.28,0,645,127890.09
2024-08-16,DXB-BOM,4,8,196.2,0,620,121643.17
2024-08-17,DXB-BOM,5,8,198.79,0,717,142535.05
2024-08-18,DXB-BOM,6,8,199.21,0,593,118134.47
2024-08-19,DXB-BOM,0,8,197.04,0,461,90837.53
2024-08-20,DXB-BOM,1,8,196.32,0,527,103460.84
2024-08-21,DXB-BOM,2,8,196.42,0,524,102926.16
2024-08-22,DXB-BOM,3,8,198.92,0,559,111194.46
2024-08-23,DXB-BOM,4,8,197.19,0,647,127581.36
2024-08-24,DXB-BOM,5,8,198.59,0,674,133847.22
2024-08-25,DXB-BOM,6,8,150.06,1,988,148261.3
2024-08-26,DXB-BOM,0,8,199.6,0,530,105790.64
2024-08-27,DXB-BOM,1,8,199.12,0,497,98961.58
2024-08-28,DXB-BOM,2,8,197.49,0,471,93018.38
2024-08-29,DXB-BOM,3,8,197.11,0,558,109988.81
2024-08-30,DXB-BOM,4,8,196.98,0,739,145570.34
2024-08-31,DXB-BOM,5,8,150.93,1,1101,166179.41
2024-09-01,DXB-BOM,6,9,199.45,0,637,127052.24
2024-09-02,DXB-BOM,0,9,149.91,1,883,132370.56
2024-09-03,DXB-BOM,1,9,195.22,0,502,98001.52
2024-09-04,DXB-BOM,2,9,195.11,0,525,102432.2
2024-09-05,DXB-BOM,3,9,195.47,0,572,111806.91
2024-09-06,DXB-BOM,4,9,195.76,0,560,109623.84
2024-09-07,DXB-BOM,5,9,155.69,1,984,153202.01
2024-09-08,DXB-BOM,6,9,195.28,0,613,119708.07
2024-09-09,DXB-BOM,0,9,197.47,0,472,93204.8
2024-09-10,DXB-BOM,1,9,197.95,0,488,96600.29
2024-09-11,DXB-BOM,2,9,197.3,0,525,103583.09
2024-09-12,DXB-BOM,3,9,196.46,0,531,104319.92
2024-09-13,DXB-BOM,4,9,196.11,0,599,117471.01
2024-09-14,DXB-BOM,5,9,173.85,1,748,130041.52
2024-09-15,DXB-BOM,6,9,198.1,0,523,103607.82
2024-09-16,DXB-BOM,0,9,197.98,0,445,88099.68
2024-09-17,DXB-BOM,1,9,197.16,0,449,88522.92
2024-09-18,DXB-BOM,2,9,198.71,0,530,105313.86
2024-09-19,DXB-BOM,3,9,144.36,1,915,132091.91
2024-09-20,DXB-BOM,4,9,202.12,0,583,117835.86
2024-09-21,DXB-BOM,5,9,202.14,0,584,118050.69
2024-09-22,DXB-BOM,6,9,202.09,0,564,113980.56
2024-09-23,DXB-BOM,0,9,198.41,0,514,101983.76
2024-09-24,DXB-BOM,1,9,199.42,0,486,96919.97
2024-09-25,DXB-BOM,2,9,199.52,0,491,97963.33
2024-09-26,DXB-BOM,3,9,200.05,0,528,105627.6
2024-09-27,DXB-BOM,4,9,198.88,0,550,109381.65
2024-09-28,DXB-BOM,5,9,143.08,1,1247,178420.87
2024-09-29,DXB-BOM,6,9,197.46,0,522,103074.32
2024-09-30,DXB-BOM,0,9,150.88,1,808,121910.6
2024-10-01,DXB-BOM,1,10,198.2,0,495,98108.05
2024-10-02,DXB-BOM,2,10,201.21,0,457,91951.65
2024-10-03,DXB-BOM,3,10,201.74,0,558,112569.44
2024-10-04,DXB-BOM,4,10,199.71,0,613,122420.2
2024-10-05,DXB-BOM,5,10,199.4,0,676,134791.46
2024-10-06,DXB-BOM,6,10,198.3,0,526,104305.19
2024-10-07,DXB-BOM,0,10,194.89,0,452,88088.88
2024-10-08,DXB-BOM,1,10,197.16,0,455,89709.94
2024-10-09,DXB-BOM,2,10,198.1,0,492,97463.71
2024-10-10,DXB-BOM,3,10,198.77,0,541,107536.35
2024-10-11,DXB-BOM,4,10,198.9,0,576,114564.6
2024-10-12,DXB-BOM,5,10,196.7,0,556,109364.26
2024-10-13,DXB-BOM,6,10,195.85,0,569,111436.56
2024-10-14,DXB-BOM,0,10,196.98,0,537,105779.03
2024-10-15,DXB-BOM,1,10,195.28,0,490,95685.27
2024-10-16,DXB-BOM,2,10,191.35,0,536,102563.0
2024-10-17,DXB-BOM,3,10,190.88,0,600,114526.62
2024-10-18,DXB-BOM,4,10,190.53,0,652,124227.9
2024-10-19,DXB-BOM,5,10,190.6,0,702,133804.36
2024-10-20,DXB-BOM,6,10,191.56,0,590,113022.7
2024-10-21,DXB-BOM,0,10,192.39,0,492,94653.9
2024-10-22,DXB-BOM,1,10,192.64,0,466,89769.72
2024-10-23,DXB-BOM,2,10,194.3,0,496,96370.82
2024-10-24,DXB-BOM,3,10,191.88,0,586,112441.95
2024-10-25,DXB-BOM,4,10,192.5,0,615,118387.1
2024-10-26,DXB-BOM,5,10,193.3,0,661,127771.48
2024-10-27,DXB-BOM,6,10,191.3,0,594,113632.89
2024-10-28,DXB-BOM,0,10,188.91,0,545,102953.89
2024-10-29,DXB-BOM,1,10,187.65,0,554,103955.78
2024-10-30,DXB-BOM,2,10,186.51,0,546,101835.09
2024-10-31,DXB-BOM,3,10,155.32,1,778,120836.36
2024-11-01,DXB-BOM,4,11,186.43,0,652,121553.83
2024-11-02,DXB-BOM,5,11,185.0,0,706,130612.03
2024-11-03,DXB-BOM,6,11,183.94,0,555,102086.57
2024-11-04,DXB-BOM,0,11,185.47,0,583,108129.73
2024-11-05,DXB-BOM,1,11,185.34,0,532,98602.77
2024-11-06,DXB-BOM,2,11,184.93,0,566,104668.47
2024-11-07,DXB-BOM,3,11,160.41,1,865,138758.26
2024-11-08,DXB-BOM,4,11,186.4,0,644,120042.45
2024-11-09,DXB-BOM,5,11,185.13,0,732,135513.13
2024-11-10,DXB-BOM,6,11,186.95,0,605,113104.4
2024-11-11,DXB-BOM,0,11,187.11,0,528,98795.86
2024-11-12,DXB-BOM,1,11,186.72,0,500,93360.11
2024-11-13,DXB-BOM,2,11,190.32,0,583,110955.59
2024-11-14,DXB-BOM,3,11,188.58,0,590,111262.75
2024-11-15,DXB-BOM,4,11,187.9,0,695,130587.58
2024-11-16,DXB-BOM,5,11,185.89,0,631,117297.76
2024-11-17,DXB-BOM,6,11,187.16,0,660,123528.62
2024-11-18,DXB-BOM,0,11,137.89,1,997,137473.42
2024-11-19,DXB-BOM,1,11,191.89,0,511,98055.46
2024-11-20,DXB-BOM,2,11,156.3,1,759,118633.03
2024-11-21,DXB-BOM,3,11,193.11,0,604,116639.91
2024-11-22,DXB-BOM,4,11,192.41,0,743,142957.24
2024-11-23,DXB-BOM,5,11,189.74,0,627,118966.32
2024-11-24,DXB-BOM,6,11,192.63,0,628,120973.17
2024-11-25,DXB-BOM,0,11,193.17,0,497,96007.97
2024-11-26,DXB-BOM,1,11,192.28,0,521,100175.58
2024-11-27,DXB-BOM,2,11,147.91,1,865,127946.06
2024-11-28,DXB-BOM,3,11,192.48,0,599,115297.87
2024-11-29,DXB-BOM,4,11,144.98,1,1127,163390.52
2024-11-30,DXB-BOM,5,11,192.51,0,662,127440.41
2024-12-01,DXB-BOM,6,12,193.3,0,660,127579.35
2024-12-02,DXB-BOM,0,12,193.04,0,490,94590.6
2024-12-03,DXB-BOM,1,12,190.7,0,571,108889.99
2024-12-04,DXB-BOM,2,12,190.65,0,571,108860.16
2024-12-05,DXB-BOM,3,12,192.06,0,601,115425.35
2024-12-06,DXB-BOM,4,12,191.85,0,723,138704.04
2024-12-07,DXB-BOM,5,12,139.24,1,1211,168620.98
2024-12-08,DXB-BOM,6,12,153.79,1,986,151636.2
2024-12-09,DXB-BOM,0,12,190.9,0,538,102703.09
2024-12-10,DXB-BOM,1,12,189.79,0,601,114065.56
2024-12-11,DXB-BOM,2,12,190.74,0,575,109678.25
2024-12-12,DXB-BOM,3,12,190.62,0,666,126954.93
2024-12-13,DXB-BOM,4,12,191.49,0,761,145722.94
2024-12-14,DXB-BOM,5,12,192.95,0,737,142204.57
2024-12-15,DXB-BOM,6,12,193.82,0,671,130051.82
2024-12-16,DXB-BOM,0,12,194.06,0,537,104208.69
2024-12-17,DXB-BOM,1,12,192.39,0,611,117549.73
2024-12-18,DXB-BOM,2,12,192.21,0,682,131089.84
2024-12-19,DXB-BOM,3,12,191.24,0,813,155480.43
2024-12-20,DXB-BOM,4,12,190.56,0,772,147108.53
2024-12-21,DXB-BOM,5,12,189.82,0,845,160399.04
2024-12-22,DXB-BOM,6,12,188.18,0,640,120434.73
2024-12-23,DXB-BOM,0,12,185.07,0,705,130474.91
2024-12-24,DXB-BOM,1,12,183.9,0,668,122842.45
2024-12-25,DXB-BOM,2,12,184.01,0,645,118688.41
2024-12-26,DXB-BOM,3,12,181.82,0,812,147635.91
2024-12-27,DXB-BOM,4,12,181.67,0,814,147877.59
2024-12-28,DXB-BOM,5,12,184.34,0,813,149872.21
2024-12-29,DXB-BOM,6,12,185.71,0,739,137236.38
2024-12-30,DXB-BOM,0,12,188.0,0,574,107910.24
2024-12-31,DXB-BOM,1,12,188.41,0,631,118886.44
2025-01-01,DXB-BOM,2,1,157.3,1,707,111210.06
2025-01-02,DXB-BOM,3,1,188.73,0,570,107574.03
2025-01-03,DXB-BOM,4,1,187.59,0,637,119491.9
2025-01-04,DXB-BOM,5,1,183.3,0,766,140409.43
2025-01-05,DXB-BOM,6,1,184.91,0,608,112423.27
2025-01-06,DXB-BOM,0,1,187.04,0,498,93147.13
2025-01-07,DXB-BOM,1,1,186.04,0,516,95995.53
2025-01-08,DXB-BOM,2,1,185.48,0,562,104240.91
2025-01-09,DXB-BOM,3,1,184.18,0,592,109032.38
2025-01-10,DXB-BOM,4,1,153.62,1,901,138412.43
2025-01-11,DXB-BOM,5,1,145.8,1,1250,182246.3
2025-01-12,DXB-BOM,6,1,183.3,0,610,111812.15
2025-01-13,DXB-BOM,0,1,183.74,0,550,101055.77
2025-01-14,DXB-BOM,1,1,183.15,0,540,98899.79
2025-01-15,DXB-BOM,2,1,183.14,0,563,103109.45
2025-01-16,DXB-BOM,3,1,183.66,0,666,122315.2
2025-01-17,DXB-BOM,4,1,183.2,0,747,136849.86
2025-01-18,DXB-BOM,5,1,182.87,0,726,132762.96
2025-01-19,DXB-BOM,6,1,182.37,0,603,109971.24
2025-01-20,DXB-BOM,0,1,142.31,1,960,136622.18
2025-01-21,DXB-BOM,1,1,184.11,0,546,100522.93
2025-01-22,DXB-BOM,2,1,184.26,0,632,116455.07
2025-01-23,DXB-BOM,3,1,182.18,0,565,102933.73
2025-01-24,DXB-BOM,4,1,181.44,0,729,132270.88
2025-01-25,DXB-BOM,5,1,182.62,0,829,151388.24
2025-01-26,DXB-BOM,6,1,182.5,0,638,116433.81
2025-01-27,DXB-BOM,0,1,183.31,0,559,102472.37
2025-01-28,DXB-BOM,1,1,185.79,0,551,102370.26
2025-01-29,DXB-BOM,2,1,187.17,0,539,100887.06
2025-01-30,DXB-BOM,3,1,187.14,0,612,114530.36
2025-01-31,DXB-BOM,4,1,186.2,0,676,125872.35
2025-02-01,DXB-BOM,5,2,182.2,0,721,131365.25
2025-02-02,DXB-BOM,6,2,181.77,0,707,128513.97
2025-02-03,DXB-BOM,0,2,181.11,0,597,108124.13
2025-02-04,DXB-BOM,1,2,181.53,0,575,104377.48
2025-02-05,DXB-BOM,2,2,181.12,0,623,112839.97
2025-02-06,DXB-BOM,3,2,180.47,0,657,118569.85
2025-02-07,DXB-BOM,4,2,177.63,0,718,127539.38
2025-02-08,DXB-BOM,5,2,176.05,0,770,135559.08
2025-02-09,DXB-BOM,6,2,176.6,0,695,122733.74
2025-02-10,DXB-BOM,0,2,179.0,0,557,99702.49
2025-02-11,DXB-BOM,1,2,178.68,0,566,101134.61
2025-02-12,DXB-BOM,2,2,179.01,0,589,105434.18
2025-02-13,DXB-BOM,3,2,180.27,0,757,136460.7
2025-02-14,DXB-BOM,4,2,178.88,0,621,111084.58
2025-02-15,DXB-BOM,5,2,179.26,0,767,137494.08
2025-02-16,DXB-BOM,6,2,177.98,0,759,135089.56
2025-02-17,DXB-BOM,0,2,131.56,1,1046,137616.49
2025-02-18,DXB-BOM,1,2,179.17,0,609,109116.72
2025-02-19,DXB-BOM,2,2,138.34,1,975,134879.81
2025-02-20,DXB-BOM,3,2,178.11,0,660,117555.76
2025-02-21,DXB-BOM,4,2,179.01,0,646,115640.29
2025-02-22,DXB-BOM,5,2,181.97,0,766,139390.31
2025-02-23,DXB-BOM,6,2,180.3,0,642,115749.51
2025-02-24,DXB-BOM,0,2,179.62,0,566,101665.72
2025-02-25,DXB-BOM,1,2,152.14,1,761,115780.12
2025-02-26,DXB-BOM,2,2,180.82,0,663,119884.8
2025-02-27,DXB-BOM,3,2,179.82,0,775,139360.37
2025-02-28,DXB-BOM,4,2,175.41,0,787,138046.3
2025-03-01,DXB-BOM,5,3,177.29,0,773,137041.76
2025-03-02,DXB-BOM,6,3,178.27,0,640,114089.89
2025-03-03,DXB-BOM,0,3,135.3,1,1020,138002.84
2025-03-04,DXB-BOM,1,3,174.42,0,681,118779.77
2025-03-05,DXB-BOM,2,3,136.68,1,982,134219.56
2025-03-06,DXB-BOM,3,3,178.63,0,590,105389.32
2025-03-07,DXB-BOM,4,3,179.88,0,774,139224.06
2025-03-08,DXB-BOM,5,3,179.45,0,826,148229.52
2025-03-09,DXB-BOM,6,3,179.42,0,618,110883.1
2025-03-10,DXB-BOM,0,3,179.07,0,607,108695.58
2025-03-11,DXB-BOM,1,3,180.61,0,595,107461.3
2025-03-12,DXB-BOM,2,3,179.14,0,611,109453.84
2025-03-13,DXB-BOM,3,3,177.78,0,663,117865.64
2025-03-14,DXB-BOM,4,3,179.14,0,798,142952.47
2025-03-15,DXB-BOM,5,3,178.92,0,768,137410.08
2025-03-16,DXB-BOM,6,3,180.84,0,615,111213.7
2025-03-17,DXB-BOM,0,3,179.68,0,526,94510.08
2025-03-18,DXB-BOM,1,3,179.44,0,632,113408.91
2025-03-19,DXB-BOM,2,3,177.91,0,647,115108.61
2025-03-20,DXB-BOM,3,3,177.77,0,702,124797.02
2025-03-21,DXB-BOM,4,3,175.41,0,763,133836.07
2025-03-22,DXB-BOM,5,3,174.53,0,799,139448.66
2025-03-23,DXB-BOM,6,3,172.23,0,692,119181.88
2025-03-24,DXB-BOM,0,3,173.12,0,626,108375.24
2025-03-25,DXB-BOM,1,3,174.05,0,544,94685.07
2025-03-26,DXB-BOM,2,3,171.31,0,641,109812.29
2025-03-27,DXB-BOM,3,3,173.17,0,721,124856.78
2025-03-28,DXB-BOM,4,3,176.78,0,804,142127.48
2025-03-29,DXB-BOM,5,3,176.7,0,809,142952.72
2025-03-30,DXB-BOM,6,3,175.6,0,752,132051.73
2025-03-31,DXB-BOM,0,3,179.7,0,653,117342.44
2025-04-01,DXB-BOM,1,4,177.58,0,642,114006.45
2025-04-02,DXB-BOM,2,4,177.47,0,650,115357.01
2025-04-03,DXB-BOM,3,4,177.6,0,706,125388.91
2025-04-04,DXB-BOM,4,4,179.49,0,714,128153.18
2025-04-05,DXB-BOM,5,4,179.89,0,824,148229.87
2025-04-06,DXB-BOM,6,4,179.01,0,767,137299.42
2025-04-07,DXB-BOM,0,4,177.45,0,634,112502.17
2025-04-08,DXB-BOM,1,4,176.8,0,682,120579.69
2025-04-09,DXB-BOM,2,4,175.16,0,591,103520.28
2025-04-10,DXB-BOM,3,4,175.1,0,677,118544.37
2025-04-11,DXB-BOM,4,4,174.13,0,847,147485.27
2025-04-12,DXB-BOM,5,4,171.76,0,877,150630.94
2025-04-13,DXB-BOM,6,4,173.51,0,801,138983.3
2025-04-14,DXB-BOM,0,4,172.64,0,656,113251.31
2025-04-15,DXB-BOM,1,4,170.61,0,623,106290.94
2025-04-16,DXB-BOM,2,4,131.7,1,1081,142372.48
2025-04-17,DXB-BOM,3,4,170.21,0,701,119319.78
2025-04-18,DXB-BOM,4,4,167.47,0,813,136154.35
2025-04-19,DXB-BOM,5,4,167.85,0,960,161133.7
2025-04-20,DXB-BOM,6,4,166.16,0,852,141565.37
2025-04-21,DXB-BOM,0,4,168.6,0,707,119202.89
2025-04-22,DXB-BOM,1,4,169.27,0,603,102070.74
2025-04-23,DXB-BOM,2,4,168.55,0,694,116976.87
2025-04-24,DXB-BOM,3,4,167.32,0,745,124653.99
2025-04-25,DXB-BOM,4,4,167.05,0,947,158194.83
2025-04-26,DXB-BOM,5,4,167.85,0,885,148550.57
2025-04-27,DXB-BOM,6,4,167.7,0,753,126280.2
2025-04-28,DXB-BOM,0,4,167.27,0,711,118925.73
2025-04-29,DXB-BOM,1,4,167.24,0,669,111885.25
2025-04-30,DXB-BOM,2,4,166.23,0,802,133314.37
2025-05-01,DXB-BOM,3,5,165.6,0,793,131324.28
2025-05-02,DXB-BOM,4,5,162.37,0,865,140448.88
2025-05-03,DXB-BOM,5,5,163.72,0,847,138673.67
2025-05-04,DXB-BOM,6,5,164.07,0,848,139128.66
2025-05-05,DXB-BOM,0,5,162.8,0,731,119009.05
2025-05-06,DXB-BOM,1,5,165.55,0,658,108931.11
2025-05-07,DXB-BOM,2,5,165.58,0,807,133621.56
2025-05-08,DXB-BOM,3,5,163.92,0,894,146547.99
2025-05-09,DXB-BOM,4,5,165.11,0,930,153552.52
2025-05-10,DXB-BOM,5,5,165.61,0,1048,173558.99
2025-05-11,DXB-BOM,6,5,166.11,0,879,146006.48
2025-05-12,DXB-BOM,0,5,165.37,0,712,117744.45
2025-05-13,DXB-BOM,1,5,165.95,0,685,113677.97
2025-05-14,DXB-BOM,2,5,165.47,0,807,133532.6
2025-05-15,DXB-BOM,3,5,166.21,0,875,145434.07
2025-05-16,DXB-BOM,4,5,163.26,0,980,159997.49
2025-05-17,DXB-BOM,5,5,162.52,0,972,157972.34
2025-05-18,DXB-BOM,6,5,165.02,0,906,149506.78
2025-05-19,DXB-BOM,0,5,127.73,1,1163,148549.4
2025-05-20,DXB-BOM,1,5,162.79,0,768,125023.16
2025-05-21,DXB-BOM,2,5,162.03,0,888,143886.86
2025-05-22,DXB-BOM,3,5,160.13,0,898,143796.68
2025-05-23,DXB-BOM,4,5,156.74,0,968,151720.65
2025-05-24,DXB-BOM,5,5,131.06,1,1446,189518.34
2025-05-25,DXB-BOM,6,5,156.44,0,1045,163474.97
2025-05-26,DXB-BOM,0,5,156.28,0,882,137838.27
2025-05-27,DXB-BOM,1,5,155.99,0,849,132431.94
2025-05-28,DXB-BOM,2,5,155.98,0,870,135698.75
2025-05-29,DXB-BOM,3,5,157.44,0,1018,160270.22
2025-05-30,DXB-BOM,4,5,157.08,0,1036,162733.39
2025-05-31,DXB-BOM,5,5,156.15,0,1177,183784.58
2025-06-01,DXB-BOM,6,6,155.66,0,976,151919.74
2025-06-02,DXB-BOM,0,6,156.46,0,842,131736.25
2025-06-03,DXB-BOM,1,6,158.51,0,821,130134.75
2025-06-04,DXB-BOM,2,6,157.5,0,884,139229.97
2025-06-05,DXB-BOM,3,6,157.58,0,1010,159160.13
2025-06-06,DXB-BOM,4,6,158.03,0,1124,177624.71
2025-06-07,DXB-BOM,5,6,156.48,0,920,143960.57
2025-06-08,DXB-BOM,6,6,156.45,0,988,154572.12
2025-06-09,DXB-BOM,0,6,154.19,0,915,141086.04
2025-06-10,DXB-BOM,1,6,151.48,0,1036,156934.91
2025-06-11,DXB-BOM,2,6,122.7,1,1360,166871.18
2025-06-12,DXB-BOM,3,6,151.35,0,1129,170869.12
2025-06-13,DXB-BOM,4,6,151.6,0,1335,202380.49
2025-06-14,DXB-BOM,5,6,151.52,0,1182,179093.49
2025-06-15,DXB-BOM,6,6,150.0,0,1174,176102.86
2025-06-16,DXB-BOM,0,6,149.89,0,961,144040.11
2025-06-17,DXB-BOM,1,6,147.99,0,983,145472.69
2025-06-18,DXB-BOM,2,6,150.03,0,987,148078.48
2025-06-19,DXB-BOM,3,6,147.95,0,1139,168515.29
2025-06-20,DXB-BOM,4,6,147.61,0,1528,225553.06
2025-06-21,DXB-BOM,5,6,146.01,0,1473,215069.77
2025-06-22,DXB-BOM,6,6,146.82,0,1298,190576.48
2025-06-23,DXB-BOM,0,6,146.29,0,1108,162086.0
2025-06-24,DXB-BOM,1,6,145.47,0,964,140234.43
2025-06-25,DXB-BOM,2,6,146.72,0,1126,165201.12
2025-06-26,DXB-BOM,3,6,146.72,0,1310,192209.0
2025-06-27,DXB-BOM,4,6,147.47,0,1270,187281.91
2025-06-28,DXB-BOM,5,6,145.96,0,1508,220111.0
2025-06-29,DXB-BOM,6,6,143.82,0,1338,192437.22
2025-06-30,DXB-BOM,0,6,143.96,0,1249,179801.45
2025-07-01,DXB-BOM,1,7,143.45,0,1081,155069.97
2025-07-02,DXB-BOM,2,7,144.36,0,1071,154613.85
2025-07-03,DXB-BOM,3,7,144.22,0,1257,181283.85
2025-07-04,DXB-BOM,4,7,112.15,1,2406,269842.06
2025-07-05,DXB-BOM,5,7,142.05,0,1346,191195.19
2025-07-06,DXB-BOM,6,7,144.86,0,1120,162242.36
2025-07-07,DXB-BOM,0,7,144.59,0,1131,163535.8
2025-07-08,DXB-BOM,1,7,145.62,0,1058,154069.04
2025-07-09,DXB-BOM,2,7,144.35,0,1154,166583.1
2025-07-10,DXB-BOM,3,7,144.8,0,1355,196204.33
2025-07-11,DXB-BOM,4,7,142.83,0,1392,198823.37
2025-07-12,DXB-BOM,5,7,143.5,0,1322,189706.14
2025-07-13,DXB-BOM,6,7,142.96,0,1473,210573.01
2025-07-14,DXB-BOM,0,7,142.99,0,1080,154429.48
2025-07-15,DXB-BOM,1,7,144.03,0,1038,149503.09
2025-07-16,DXB-BOM,2,7,142.18,0,1263,179567.44
2025-07-17,DXB-BOM,3,7,141.14,0,1309,184757.81
2025-07-18,DXB-BOM,4,7,141.83,0,1448,205365.97
2025-07-19,DXB-BOM,5,7,114.23,1,2301,262838.18
2025-07-20,DXB-BOM,6,7,144.77,0,1359,196737.15
2025-07-21,DXB-BOM,0,7,145.65,0,1082,157597.95
2025-07-22,DXB-BOM,1,7,145.5,0,1180,171686.2
2025-07-23,DXB-BOM,2,7,148.41,0,948,140696.98
2025-07-24,DXB-BOM,3,7,145.8,0,1310,190997.42
2025-07-25,DXB-BOM,4,7,145.95,0,1298,189441.54
2025-07-26,DXB-BOM,5,7,143.52,0,1588,227908.57
2025-07-27,DXB-BOM,6,7,139.77,0,1355,189387.82
2025-07-28,DXB-BOM,0,7,140.23,0,1121,157195.01
2025-07-29,DXB-BOM,1,7,140.45,0,1182,166011.74
2025-07-30,DXB-BOM,2,7,140.04,0,1255,175746.68
2025-07-31,DXB-BOM,3,7,139.89,0,1381,193193.53
2025-08-01,DXB-BOM,4,8,144.56,0,1285,185758.16
2025-08-02,DXB-BOM,5,8,144.19,0,1391,200569.06
2025-08-03,DXB-BOM,6,8,144.98,0,1238,179480.45
2025-08-04,DXB-BOM,0,8,144.02,0,1092,157274.12
2025-08-05,DXB-BOM,1,8,144.49,0,1110,160383.96
2025-08-06,DXB-BOM,2,8,144.16,0,976,140697.65
2025-08-07,DXB-BOM,3,8,143.57,0,1271,182474.71
2025-08-08,DXB-BOM,4,8,146.32,0,1292,189050.33
2025-08-09,DXB-BOM,5,8,148.12,0,1271,188258.76
2025-08-10,DXB-BOM,6,8,127.23,1,1467,186648.21
2025-08-11,DXB-BOM,0,8,144.93,0,1047,151741.53
2025-08-12,DXB-BOM,1,8,144.42,0,816,117848.08
2025-08-13,DXB-BOM,2,8,148.51,0,988,146728.86
2025-08-14,DXB-BOM,3,8,148.2,0,1092,161835.73
2025-08-15,DXB-BOM,4,8,149.89,0,1273,190814.66
2025-08-16,DXB-BOM,5,8,152.1,0,1189,180841.74
2025-08-17,DXB-BOM,6,8,152.46,0,1072,163442.04
2025-08-18,DXB-BOM,0,8,151.24,0,1051,158957.19
2025-08-19,DXB-BOM,1,8,147.63,0,1039,153391.83
2025-08-20,DXB-BOM,2,8,112.25,1,1762,197786.81
2025-08-21,DXB-BOM,3,8,147.53,0,1104,162872.1
2025-08-22,DXB-BOM,4,8,147.84,0,1279,189088.43
2025-08-23,DXB-BOM,5,8,146.02,0,1299,189673.55
2025-08-24,DXB-BOM,6,8,145.67,0,1141,166206.65
2025-08-25,DXB-BOM,0,8,145.77,0,1032,150434.48
2025-08-26,DXB-BOM,1,8,146.23,0,942,137744.76
2025-08-27,DXB-BOM,2,8,144.61,0,1132,163696.41
2025-08-28,DXB-BOM,3,8,146.46,0,1120,164034.53
2025-08-29,DXB-BOM,4,8,145.62,0,1294,188434.01
2025-08-30,DXB-BOM,5,8,123.09,1,1912,235345.84
2025-08-31,DXB-BOM,6,8,143.06,0,1243,177829.52
2025-09-01,DXB-BOM,0,9,143.18,0,935,133871.18
2025-09-02,DXB-BOM,1,9,143.48,0,1020,146351.0
2025-09-03,DXB-BOM,2,9,145.59,0,1060,154324.01
2025-09-04,DXB-BOM,3,9,145.3,0,1188,172615.79
2025-09-05,DXB-BOM,4,9,145.19,0,1152,167255.28
2025-09-06,DXB-BOM,5,9,143.6,0,1259,180792.73
2025-09-07,DXB-BOM,6,9,144.9,0,1193,172866.42
2025-09-08,DXB-BOM,0,9,145.25,0,936,135952.04
2025-09-09,DXB-BOM,1,9,144.69,0,947,137021.47
2025-09-10,DXB-BOM,2,9,141.91,0,1139,161631.54
2025-09-11,DXB-BOM,3,9,144.15,0,1125,162166.46
2025-09-12,DXB-BOM,4,9,142.38,0,1206,171713.4
2025-09-13,DXB-BOM,5,9,141.57,0,1258,178098.98
2025-09-14,DXB-BOM,6,9,142.19,0,1174,166930.33
2025-09-15,DXB-BOM,0,9,140.47,0,947,133029.44
2025-09-16,DXB-BOM,1,9,138.32,0,1018,140805.36
2025-09-17,DXB-BOM,2,9,135.21,0,1146,154953.4
2025-09-18,DXB-BOM,3,9,136.38,0,1330,181382.47
2025-09-19,DXB-BOM,4,9,135.65,0,1417,192209.27
2025-09-20,DXB-BOM,5,9,115.18,1,1825,210211.41
2025-09-21,DXB-BOM,6,9,138.72,0,1277,177143.88
2025-09-22,DXB-BOM,0,9,137.43,0,1043,143334.89
2025-09-23,DXB-BOM,1,9,136.67,0,970,132567.71
2025-09-24,DXB-BOM,2,9,137.12,0,1076,147545.35
2025-09-25,DXB-BOM,3,9,136.51,0,1329,181423.59
2025-09-26,DXB-BOM,4,9,137.52,0,1334,183456.76
2025-09-27,DXB-BOM,5,9,136.15,0,1403,191020.01
2025-09-28,DXB-BOM,6,9,134.18,0,1383,185564.21
2025-09-29,DXB-BOM,0,9,131.58,0,1044,137364.75
2025-09-30,DXB-BOM,1,9,128.34,0,1078,138349.33
2025-10-01,DXB-BOM,2,10,127.66,0,1111,141832.29
2025-10-02,DXB-BOM,3,10,99.34,1,2206,219154.86
2025-10-03,DXB-BOM,4,10,126.47,0,1545,195391.25
2025-10-04,DXB-BOM,5,10,96.09,1,2858,274636.3
2025-10-05,DXB-BOM,6,10,130.38,0,1341,174842.7
2025-10-06,DXB-BOM,0,10,93.97,1,2036,191331.64
2025-10-07,DXB-BOM,1,10,127.4,0,1180,150334.65
2025-10-08,DXB-BOM,2,10,126.66,0,1254,158832.16
2025-10-09,DXB-BOM,3,10,126.0,0,1263,159138.0
2025-10-10,DXB-BOM,4,10,126.0,0,1787,225162.0
2025-10-11,DXB-BOM,5,10,126.0,0,1654,208404.0
2025-10-12,DXB-BOM,6,10,126.0,0,1421,179046.0
2025-10-13,DXB-BOM,0,10,126.0,0,1275,160650.0
2025-10-14,DXB-BOM,1,10,126.0,0,1254,158004.0
2025-10-15,DXB-BOM,2,10,126.0,0,1245,156870.0
2025-10-16,DXB-BOM,3,10,126.0,0,1350,170100.0
2025-10-17,DXB-BOM,4,10,126.0,0,1592,200592.0
2025-10-18,DXB-BOM,5,10,126.0,0,1641,206766.0
2025-10-19,DXB-BOM,6,10,126.0,0,1335,168210.0
2025-10-20,DXB-BOM,0,10,126.0,0,1334,168084.0
2025-10-21,DXB-BOM,1,10,126.0,0,1224,154224.0
2025-10-22,DXB-BOM,2,10,126.0,0,1312,165312.0
2025-10-23,DXB-BOM,3,10,88.65,1,2865,253989.19
2025-10-24,DXB-BOM,4,10,126.0,0,1540,194040.0
2025-10-25,DXB-BOM,5,10,126.0,0,1636,206136.0
2025-10-26,DXB-BOM,6,10,126.0,0,1473,185598.0
2025-10-27,DXB-BOM,0,10,126.0,0,1178,148428.0
2025-10-28,DXB-BOM,1,10,126.0,0,1209,152334.0
2025-10-29,DXB-BOM,2,10,126.0,0,1268,159768.0
2025-10-30,DXB-BOM,3,10,126.0,0,1326,167076.0
2025-10-31,DXB-BOM,4,10,90.61,1,3177,287882.7
2025-11-01,DXB-BOM,5,11,126.0,0,1473,185598.0
2025-11-02,DXB-BOM,6,11,126.0,0,1299,163674.0
2025-11-03,DXB-BOM,0,11,126.0,0,1332,167832.0
2025-11-04,DXB-BOM,1,11,126.0,0,1260,158760.0
2025-11-05,DXB-BOM,2,11,91.29,1,2116,193178.26
2025-11-06,DXB-BOM,3,11,126.0,0,1463,184338.0
2025-11-07,DXB-BOM,4,11,126.0,0,1683,212058.0
2025-11-08,DXB-BOM,5,11,126.0,0,1612,203112.0
2025-11-09,DXB-BOM,6,11,126.0,0,1635,206010.0
2025-11-10,DXB-BOM,0,11,126.0,0,1113,140238.0
2025-11-11,DXB-BOM,1,11,126.0,0,1266,159516.0
2025-11-12,DXB-BOM,2,11,126.0,0,1360,171360.0
2025-11-13,DXB-BOM,3,11,126.0,0,1498,188748.0
2025-11-14,DXB-BOM,4,11,126.0,0,1541,194166.0
2025-11-15,DXB-BOM,5,11,126.0,0,1602,201852.0
2025-11-16,DXB-BOM,6,11,126.0,0,1468,184968.0
2025-11-17,DXB-BOM,0,11,126.0,0,1317,165942.0
2025-11-18,DXB-BOM,1,11,126.0,0,1276,160776.0
2025-11-19,DXB-BOM,2,11,126.0,0,1370,172620.0
2025-11-20,DXB-BOM,3,11,126.0,0,1356,170856.0
2025-11-21,DXB-BOM,4,11,126.0,0,1566,197316.0
2025-11-22,DXB-BOM,5,11,126.0,0,1569,197694.0
2025-11-23,DXB-BOM,6,11,126.0,0,1427,179802.0
2025-11-24,DXB-BOM,0,11,126.0,0,1364,171864.0
2025-11-25,DXB-BOM,1,11,126.0,0,1271,160146.0
2025-11-26,DXB-BOM,2,11,126.0,0,1533,193158.0
2025-11-27,DXB-BOM,3,11,126.0,0,1506,189756.0
2025-11-28,DXB-BOM,4,11,126.0,0,1646,207396.0
2025-11-29,DXB-BOM,5,11,126.0,0,1732,218232.0
2025-11-30,DXB-BOM,6,11,126.0,0,1457,183582.0
2025-12-01,DXB-BOM,0,12,126.0,0,1331,167706.0
2025-12-02,DXB-BOM,1,12,126.0,0,1405,177030.0
2025-12-03,DXB-BOM,2,12,126.0,0,1393,175518.0
2025-12-04,DXB-BOM,3,12,126.0,0,1482,186732.0
2025-12-05,DXB-BOM,4,12,104.64,1,2264,236912.82
2025-12-06,DXB-BOM,5,12,126.0,0,1754,221004.0
2025-12-07,DXB-BOM,6,12,126.0,0,1595,200970.0
2025-12-08,DXB-BOM,0,12,126.0,0,1502,189252.0
2025-12-09,DXB-BOM,1,12,126.0,0,1269,159894.0
2025-12-10,DXB-BOM,2,12,126.0,0,1423,179298.0
2025-12-11,DXB-BOM,3,12,126.0,0,1644,207144.0
2025-12-12,DXB-BOM,4,12,126.0,0,1598,201348.0
2025-12-13,DXB-BOM,5,12,126.0,0,1789,225414.0
2025-12-14,DXB-BOM,6,12,126.0,0,1589,200214.0
2025-12-15,DXB-BOM,0,12,96.42,1,2247,216661.89
2025-12-16,DXB-BOM,1,12,126.0,0,1448,182448.0
2025-12-17,DXB-BOM,2,12,126.0,0,1486,187236.0
2025-12-18,DXB-BOM,3,12,126.0,0,1624,204624.0
2025-12-19,DXB-BOM,4,12,126.0,0,1891,238266.0
2025-12-20,DXB-BOM,5,12,126.0,0,2126,267876.0
2025-12-21,DXB-BOM,6,12,126.0,0,1853,233478.0
2025-12-22,DXB-BOM,0,12,126.0,0,1307,164682.0
2025-12-23,DXB-BOM,1,12,126.0,0,1495,188370.0
2025-12-24,DXB-BOM,2,12,126.0,0,1491,187866.0
2025-12-25,DXB-BOM,3,12,126.0,0,1696,213696.0
2025-12-26,DXB-BOM,4,12,100.07,1,2712,271393.74
2025-12-27,DXB-BOM,5,12,126.0,0,1923,242298.0
2025-12-28,DXB-BOM,6,12,99.2,1,2583,256237.21
2025-12-29,DXB-BOM,0,12,126.0,0,1402,176652.0
2025-12-30,DXB-BOM,1,12,126.0,0,1338,168588.0
2024-01-01,DXB-JFK,0,1,979.06,0,252,246724.0
2024-01-02,DXB-JFK,1,1,979.6,0,234,229227.18
2024-01-03,DXB-JFK,2,1,979.51,0,250,244878.21
2024-01-04,DXB-JFK,3,1,977.02,0,258,252071.41
2024-01-05,DXB-JFK,4,1,979.18,0,289,282983.85
2024-01-06,DXB-JFK,5,1,981.91,0,303,297519.12
2024-01-07,DXB-JFK,6,1,983.7,0,287,282323.16
2024-01-08,DXB-JFK,0,1,982.81,0,263,258479.9
2024-01-09,DXB-JFK,1,1,779.91,1,268,209015.13
2024-01-10,DXB-JFK,2,1,984.13,0,260,255874.06
2024-01-11,DXB-JFK,3,1,695.9,1,313,217816.1
2024-01-12,DXB-JFK,4,1,987.66,0,277,273581.64
2024-01-13,DXB-JFK,5,1,987.37,0,293,289299.7
2024-01-14,DXB-JFK,6,1,988.31,0,250,247076.56
2024-01-15,DXB-JFK,0,1,989.8,0,216,213797.59
2024-01-16,DXB-JFK,1,1,992.8,0,238,236285.94
2024-01-17,DXB-JFK,2,1,994.66,0,240,238719.53
2024-01-18,DXB-JFK,3,1,996.66,0,277,276074.06
2024-01-19,DXB-JFK,4,1,997.59,0,309,308255.61
2024-01-20,DXB-JFK,5,1,1000.51,0,314,314161.29
2024-01-21,DXB-JFK,6,1,1001.93,0,280,280541.58
2024-01-22,DXB-JFK,0,1,1001.45,0,236,236341.57
2024-01-23,DXB-JFK,1,1,1004.36,0,215,215936.54
2024-01-24,DXB-JFK,2,1,1006.21,0,256,257588.53
2024-01-25,DXB-JFK,3,1,1006.34,0,260,261648.84
2024-01-26,DXB-JFK,4,1,841.75,1,321,270201.0
2024-01-27,DXB-JFK,5,1,1007.67,0,304,306330.25
2024-01-28,DXB-JFK,6,1,1009.16,0,254,256325.86
2024-01-29,DXB-JFK,0,1,1010.25,0,230,232357.08
2024-01-30,DXB-JFK,1,1,1011.51,0,235,237704.59
2024-01-31,DXB-JFK,2,1,1014.85,0,245,248638.48
2024-02-01,DXB-JFK,3,2,1017.25,0,253,257363.91
2024-02-02,DXB-JFK,4,2,1018.32,0,284,289203.82
2024-02-03,DXB-JFK,5,2,1020.52,0,325,331669.7
2024-02-04,DXB-JFK,6,2,1019.76,0,275,280433.57
2024-02-05,DXB-JFK,0,2,1021.14,0,263,268559.42
2024-02-06,DXB-JFK,1,2,1024.63,0,244,250010.6
2024-02-07,DXB-JFK,2,2,1025.09,0,255,261396.86
2024-02-08,DXB-JFK,3,2,1024.59,0,244,250000.3
2024-02-09,DXB-JFK,4,2,1024.39,0,305,312438.41
2024-02-10,DXB-JFK,5,2,1023.53,0,304,311152.09
2024-02-11,DXB-JFK,6,2,839.97,1,302,253670.81
2024-02-12,DXB-JFK,0,2,1023.33,0,236,241506.5
2024-02-13,DXB-JFK,1,2,1021.99,0,242,247321.64
2024-02-14,DXB-JFK,2,2,1022.78,0,247,252625.98
2024-02-15,DXB-JFK,3,2,1024.89,0,253,259297.63
2024-02-16,DXB-JFK,4,2,1024.29,0,306,313432.39
2024-02-17,DXB-JFK,5,2,1027.32,0,293,301005.9
2024-02-18,DXB-JFK,6,2,1028.84,0,270,277787.77
2024-02-19,DXB-JFK,0,2,1031.14,0,229,236131.14
2024-02-20,DXB-JFK,1,2,1030.9,0,225,231952.89
2024-02-21,DXB-JFK,2,2,1032.93,0,249,257199.31
2024-02-22,DXB-JFK,3,2,1032.03,0,249,256976.38
2024-02-23,DXB-JFK,4,2,1034.11,0,325,336085.35
2024-02-24,DXB-JFK,5,2,1035.1,0,270,279477.91
2024-02-25,DXB-JFK,6,2,1036.67,0,256,265386.78
2024-02-26,DXB-JFK,0,2,1035.63,0,238,246481.03
2024-02-27,DXB-JFK,1,2,792.45,1,292,231396.69
2024-02-28,DXB-JFK,2,2,1036.64,0,236,244647.11
2024-02-29,DXB-JFK,3,2,1035.94,0,265,274523.92
2024-03-01,DXB-JFK,4,3,1037.35,0,298,309131.03
2024-03-02,DXB-JFK,5,3,1036.02,0,300,310805.04
2024-03-03,DXB-JFK,6,3,1038.0,0,288,298944.23
2024-03-04,DXB-JFK,0,3,1036.86,0,245,254030.79
2024-03-05,DXB-JFK,1,3,1038.39,0,240,249214.51
2024-03-06,DXB-JFK,2,3,833.72,1,267,222603.47
2024-03-07,DXB-JFK,3,3,1039.69,0,264,274477.26
2024-03-08,DXB-JFK,4,3,1041.25,0,285,296757.41
2024-03-09,DXB-JFK,5,3,1042.34,0,285,297065.64
2024-03-10,DXB-JFK,6,3,1042.21,0,271,282440.13
2024-03-11,DXB-JFK,0,3,1041.39,0,225,234311.66
2024-03-12,DXB-JFK,1,3,1039.12,0,237,246271.66
2024-03-13,DXB-JFK,2,3,1040.32,0,223,231991.66
2024-03-14,DXB-JFK,3,3,1038.65,0,294,305362.0
2024-03-15,DXB-JFK,4,3,1039.46,0,276,286890.26
2024-03-16,DXB-JFK,5,3,1039.73,0,309,321275.51
2024-03-17,DXB-JFK,6,3,1041.41,0,279,290552.15
2024-03-18,DXB-JFK,0,3,1041.61,0,225,234361.97
2024-03-19,DXB-JFK,1,3,1041.77,0,240,250024.03
2024-03-20,DXB-JFK,2,3,1043.51,0,221,230616.3
2024-03-21,DXB-JFK,3,3,1044.66,0,289,301906.49
2024-03-22,DXB-JFK,4,3,1045.77,0,292,305365.74
2024-03-23,DXB-JFK,5,3,1047.11,0,293,306803.94
2024-03-24,DXB-JFK,6,3,1045.44,0,262,273905.33
2024-03-25,DXB-JFK,0,3,1047.2,0,244,255517.34
2024-03-26,DXB-JFK,1,3,1048.74,0,220,230723.53
2024-03-27,DXB-JFK,2,3,1047.84,0,228,238906.67
2024-03-28,DXB-JFK,3,3,1048.08,0,263,275646.01
2024-03-29,DXB-JFK,4,3,1048.63,0,271,284179.74
2024-03-30,DXB-JFK,5,3,1049.04,0,338,354574.32
2024-03-31,DXB-JFK,6,3,1050.14,0,257,269885.24
2024-04-01,DXB-JFK,0,4,826.34,1,297,245424.09
2024-04-02,DXB-JFK,1,4,1055.09,0,231,243726.38
2024-04-03,DXB-JFK,2,4,1053.71,0,224,236031.05
2024-04-04,DXB-JFK,3,4,1055.22,0,266,280689.64
2024-04-05,DXB-JFK,4,4,1057.79,0,305,322627.13
2024-04-06,DXB-JFK,5,4,1058.95,0,300,317683.65
2024-04-07,DXB-JFK,6,4,1061.15,0,284,301366.17
2024-04-08,DXB-JFK,0,4,1064.73,0,246,261923.21
2024-04-09,DXB-JFK,1,4,1066.82,0,239,254970.15
2024-04-10,DXB-JFK,2,4,855.49,1,275,235259.77
2024-04-11,DXB-JFK,3,4,1069.86,0,248,265325.42
2024-04-12,DXB-JFK,4,4,1070.62,0,279,298702.82
2024-04-13,DXB-JFK,5,4,1071.19,0,306,327784.67
2024-04-14,DXB-JFK,6,4,1071.2,0,274,293507.67
2024-04-15,DXB-JFK,0,4,1074.07,0,202,216961.55
2024-04-16,DXB-JFK,1,4,1073.36,0,227,243652.79
2024-04-17,DXB-JFK,2,4,1076.17,0,240,258281.87
2024-04-18,DXB-JFK,3,4,1077.43,0,261,281210.42
2024-04-19,DXB-JFK,4,4,939.63,1,350,328870.57
2024-04-20,DXB-JFK,5,4,1076.89,0,312,335990.2
2024-04-21,DXB-JFK,6,4,1074.24,0,288,309379.92
2024-04-22,DXB-JFK,0,4,1075.66,0,231,248478.12
2024-04-23,DXB-JFK,1,4,1077.47,0,242,260748.71
2024-04-24,DXB-JFK,2,4,1077.06,0,263,283267.64
2024-04-25,DXB-JFK,3,4,804.71,1,365,293720.33
2024-04-26,DXB-JFK,4,4,1081.12,0,274,296226.55
2024-04-27,DXB-JFK,5,4,1080.82,0,302,326408.03
2024-04-28,DXB-JFK,6,4,1079.69,0,263,283958.05
2024-04-29,DXB-JFK,0,4,1082.36,0,243,263013.65
2024-04-30,DXB-JFK,1,4,1085.75,0,240,260579.68
2024-05-01,DXB-JFK,2,5,1086.19,0,229,248738.11
2024-05-02,DXB-JFK,3,5,1088.14,0,271,294886.59
2024-05-03,DXB-JFK,4,5,1090.58,0,259,282460.6
2024-05-04,DXB-JFK,5,5,1089.89,0,336,366202.62
2024-05-05,DXB-JFK,6,5,1089.58,0,263,286558.48
2024-05-06,DXB-JFK,0,5,1091.83,0,238,259855.92
2024-05-07,DXB-JFK,1,5,1094.76,0,228,249605.85
2024-05-08,DXB-JFK,2,5,1096.0,0,260,284961.11
2024-05-09,DXB-JFK,3,5,1095.08,0,226,247487.19
2024-05-10,DXB-JFK,4,5,1098.44,0,298,327335.77
2024-05-11,DXB-JFK,5,5,1098.03,0,311,341485.84
2024-05-12,DXB-JFK,6,5,1097.9,0,267,293138.22
2024-05-13,DXB-JFK,0,5,1098.78,0,266,292274.65
2024-05-14,DXB-JFK,1,5,962.06,1,249,239553.98
2024-05-15,DXB-JFK,2,5,1103.11,0,258,284601.24
2024-05-16,DXB-JFK,3,5,1104.08,0,282,311349.7
2024-05-17,DXB-JFK,4,5,1105.11,0,326,360267.41
2024-05-18,DXB-JFK,5,5,1105.52,0,305,337182.6
2024-05-19,DXB-JFK,6,5,1106.68,0,266,294378.06
2024-05-20,DXB-JFK,0,5,1103.21,0,262,289042.16
2024-05-21,DXB-JFK,1,5,1103.09,0,247,272462.59
2024-05-22,DXB-JFK,2,5,1103.76,0,229,252761.3
2024-05-23,DXB-JFK,3,5,1102.34,0,274,302041.17
2024-05-24,DXB-JFK,4,5,1103.22,0,318,350823.51
2024-05-25,DXB-JFK,5,5,1103.2,0,342,377295.99
2024-05-26,DXB-JFK,6,5,859.72,1,335,288006.33
2024-05-27,DXB-JFK,0,5,1108.76,0,207,229514.1
2024-05-28,DXB-JFK,1,5,1108.34,0,254,281518.02
2024-05-29,DXB-JFK,2,5,1108.38,0,239,264902.72
2024-05-30,DXB-JFK,3,5,1108.53,0,254,281566.47
2024-05-31,DXB-JFK,4,5,1108.11,0,264,292540.04
2024-06-01,DXB-JFK,5,6,1108.65,0,349,386917.64
2024-06-02,DXB-JFK,6,6,1107.75,0,295,326786.38
2024-06-03,DXB-JFK,0,6,780.36,1,336,262201.52
2024-06-04,DXB-JFK,1,6,802.11,1,354,283948.02
2024-06-05,DXB-JFK,2,6,1108.62,0,275,304869.86
2024-06-06,DXB-JFK,3,6,1107.63,0,326,361086.2
2024-06-07,DXB-JFK,4,6,1109.18,0,299,331644.23
2024-06-08,DXB-JFK,5,6,1108.43,0,341,377975.54
2024-06-09,DXB-JFK,6,6,1109.01,0,271,300541.12
2024-06-10,DXB-JFK,0,6,880.83,1,312,274819.51
2024-06-11,DXB-JFK,1,6,1110.56,0,254,282081.96
2024-06-12,DXB-JFK,2,6,921.65,1,326,300457.05
2024-06-13,DXB-JFK,3,6,1110.81,0,304,337686.48
2024-06-14,DXB-JFK,4,6,1110.68,0,346,384294.69
2024-06-15,DXB-JFK,5,6,1110.53,0,364,404231.12
2024-06-16,DXB-JFK,6,6,879.42,1,417,366716.81
2024-06-17,DXB-JFK,0,6,1109.43,0,264,292889.8
2024-06-18,DXB-JFK,1,6,1107.24,0,250,276810.89
2024-06-19,DXB-JFK,2,6,1106.64,0,281,310964.6
2024-06-20,DXB-JFK,3,6,923.84,1,342,315952.16
2024-06-21,DXB-JFK,4,6,1106.06,0,372,411454.8
2024-06-22,DXB-JFK,5,6,1105.81,0,351,388138.46
2024-06-23,DXB-JFK,6,6,1105.82,0,303,335062.46
2024-06-24,DXB-JFK,0,6,1106.63,0,267,295470.45
2024-06-25,DXB-JFK,1,6,1108.03,0,281,311356.7
2024-06-26,DXB-JFK,2,6,1107.14,0,279,308891.45
2024-06-27,DXB-JFK,3,6,1105.41,0,304,336043.95
2024-06-28,DXB-JFK,4,6,1103.91,0,382,421694.61
2024-06-29,DXB-JFK,5,6,1103.24,0,344,379515.58
2024-06-30,DXB-JFK,6,6,1102.77,0,319,351783.46
2024-07-01,DXB-JFK,0,7,1101.66,0,290,319481.99
2024-07-02,DXB-JFK,1,7,1099.76,0,247,271640.39
2024-07-03,DXB-JFK,2,7,853.33,1,361,308050.72
2024-07-04,DXB-JFK,3,7,942.52,1,339,319514.78
2024-07-05,DXB-JFK,4,7,1100.32,0,368,404918.02
2024-07-06,DXB-JFK,5,7,1099.5,0,345,379326.87
2024-07-07,DXB-JFK,6,7,1098.89,0,334,367027.74
2024-07-08,DXB-JFK,0,7,1097.5,0,300,329248.61
2024-07-09,DXB-JFK,1,7,1097.44,0,290,318258.0
2024-07-10,DXB-JFK,2,7,787.19,1,381,299918.45
2024-07-11,DXB-JFK,3,7,1096.99,0,317,347747.2
2024-07-12,DXB-JFK,4,7,1094.29,0,341,373152.3
2024-07-13,DXB-JFK,5,7,1093.71,0,401,438579.63
2024-07-14,DXB-JFK,6,7,1094.13,0,308,336990.69
2024-07-15,DXB-JFK,0,7,1094.35,0,264,288909.38
2024-07-16,DXB-JFK,1,7,1098.34,0,286,314124.91
2024-07-17,DXB-JFK,2,7,1098.8,0,273,299973.03
2024-07-18,DXB-JFK,3,7,1097.23,0,302,331362.92
2024-07-19,DXB-JFK,4,7,1097.01,0,320,351043.28
2024-07-20,DXB-JFK,5,7,1094.26,0,355,388463.83
2024-07-21,DXB-JFK,6,7,1094.06,0,318,347909.51
2024-07-22,DXB-JFK,0,7,1092.71,0,284,310329.75
2024-07-23,DXB-JFK,1,7,1093.98,0,289,316160.69
2024-07-24,DXB-JFK,2,7,1093.05,0,294,321356.33
2024-07-25,DXB-JFK,3,7,1092.76,0,314,343126.09
2024-07-26,DXB-JFK,4,7,1091.68,0,343,374447.21
2024-07-27,DXB-JFK,5,7,933.72,1,423,394964.65
2024-07-28,DXB-JFK,6,7,1093.54,0,339,370711.74
2024-07-29,DXB-JFK,0,7,1096.15,0,277,303633.98
2024-07-30,DXB-JFK,1,7,1097.22,0,261,286375.43
2024-07-31,DXB-JFK,2,7,1097.79,0,263,288719.13
2024-08-01,DXB-JFK,3,8,1098.18,0,284,311883.75
2024-08-02,DXB-JFK,4,8,1098.6,0,353,387807.2
2024-08-03,DXB-JFK,5,8,1095.54,0,367,402062.03
2024-08-04,DXB-JFK,6,8,1094.94,0,320,350379.62
2024-08-05,DXB-JFK,0,8,1096.02,0,268,293732.07
2024-08-06,DXB-JFK,1,8,1095.75,0,286,313383.46
2024-08-07,DXB-JFK,2,8,1093.44,0,267,291947.54
2024-08-08,DXB-JFK,3,8,1093.15,0,324,354180.35
2024-08-09,DXB-JFK,4,8,1095.49,0,333,364798.22
2024-08-10,DXB-JFK,5,8,1097.14,0,334,366444.32
2024-08-11,DXB-JFK,6,8,1096.82,0,313,343303.83
2024-08-12,DXB-JFK,0,8,1098.01,0,271,297560.62
2024-08-13,DXB-JFK,1,8,1097.22,0,263,288568.48
2024-08-14,DXB-JFK,2,8,1094.41,0,270,295492.02
2024-08-15,DXB-JFK,3,8,1092.77,0,299,326739.38
2024-08-16,DXB-JFK,4,8,1094.86,0,374,409476.66
2024-08-17,DXB-JFK,5,8,777.48,1,479,372412.79
2024-08-18,DXB-JFK,6,8,1093.54,0,310,338997.53
2024-08-19,DXB-JFK,0,8,1092.81,0,261,285223.56
2024-08-20,DXB-JFK,1,8,1095.38,0,268,293561.93
2024-08-21,DXB-JFK,2,8,1097.53,0,271,297429.68
2024-08-22,DXB-JFK,3,8,1100.56,0,292,321362.21
2024-08-23,DXB-JFK,4,8,1100.01,0,313,344303.59
2024-08-24,DXB-JFK,5,8,1100.14,0,330,363047.23
2024-08-25,DXB-JFK,6,8,1097.55,0,235,257924.28
2024-08-26,DXB-JFK,0,8,1099.44,0,256,281456.95
2024-08-27,DXB-JFK,1,8,1097.36,0,240,263366.16
2024-08-28,DXB-JFK,2,8,1097.35,0,282,309451.97
2024-08-29,DXB-JFK,3,8,1095.36,0,288,315463.25
2024-08-30,DXB-JFK,4,8,1094.13,0,292,319484.82
2024-08-31,DXB-JFK,5,8,1092.51,0,326,356159.87
2024-09-01,DXB-JFK,6,9,1091.24,0,268,292452.8
2024-09-02,DXB-JFK,0,9,1090.07,0,257,280146.87
2024-09-03,DXB-JFK,1,9,1088.87,0,249,271128.56
2024-09-04,DXB-JFK,2,9,1089.74,0,269,293140.1
2024-09-05,DXB-JFK,3,9,1087.7,0,271,294765.97
2024-09-06,DXB-JFK,4,9,1087.64,0,311,338254.97
2024-09-07,DXB-JFK,5,9,1089.07,0,297,323452.59
2024-09-08,DXB-JFK,6,9,1087.89,0,294,319840.46
2024-09-09,DXB-JFK,0,9,1086.41,0,255,277033.66
2024-09-10,DXB-JFK,1,9,1085.65,0,249,270325.73
2024-09-11,DXB-JFK,2,9,1086.99,0,252,273922.49
2024-09-12,DXB-JFK,3,9,1086.86,0,288,313015.19
2024-09-13,DXB-JFK,4,9,1085.63,0,337,365856.9
2024-09-14,DXB-JFK,5,9,1085.92,0,314,340977.68
2024-09-15,DXB-JFK,6,9,1083.82,0,282,305636.84
2024-09-16,DXB-JFK,0,9,1084.39,0,229,248325.49
2024-09-17,DXB-JFK,1,9,867.61,1,271,235123.22
2024-09-18,DXB-JFK,2,9,1083.63,0,251,271989.95
2024-09-19,DXB-JFK,3,9,1081.9,0,297,321324.5
2024-09-20,DXB-JFK,4,9,1080.1,0,301,325109.6
2024-09-21,DXB-JFK,5,9,1080.42,0,314,339252.73
2024-09-22,DXB-JFK,6,9,1081.78,0,271,293163.15
2024-09-23,DXB-JFK,0,9,1080.34,0,236,254959.78
2024-09-24,DXB-JFK,1,9,1080.53,0,242,261488.59
2024-09-25,DXB-JFK,2,9,1076.9,0,227,244456.57
2024-09-26,DXB-JFK,3,9,1075.52,0,300,322655.77
2024-09-27,DXB-JFK,4,9,1074.96,0,293,314963.95
2024-09-28,DXB-JFK,5,9,1073.08,0,332,356263.26
2024-09-29,DXB-JFK,6,9,1071.16,0,257,275287.2
2024-09-30,DXB-JFK,0,9,1069.63,0,254,271685.67
2024-10-01,DXB-JFK,1,10,1069.54,0,248,265244.83
2024-10-02,DXB-JFK,2,10,1068.72,0,255,272523.13
2024-10-03,DXB-JFK,3,10,1064.82,0,263,280047.45
2024-10-04,DXB-JFK,4,10,855.31,1,370,316465.53
2024-10-05,DXB-JFK,5,10,1059.63,0,298,315769.59
2024-10-06,DXB-JFK,6,10,1059.76,0,276,292493.58
2024-10-07,DXB-JFK,0,10,1055.08,0,261,275374.95
2024-10-08,DXB-JFK,1,10,801.87,1,314,251786.44
2024-10-09,DXB-JFK,2,10,1052.4,0,252,265204.66
2024-10-10,DXB-JFK,3,10,1053.91,0,265,279285.0
2024-10-11,DXB-JFK,4,10,1052.75,0,320,336879.05
2024-10-12,DXB-JFK,5,10,1052.74,0,322,338980.88
2024-10-13,DXB-JFK,6,10,1052.36,0,242,254670.38
2024-10-14,DXB-JFK,0,10,1048.57,0,259,271578.55
2024-10-15,DXB-JFK,1,10,1049.12,0,241,252837.5
2024-10-16,DXB-JFK,2,10,1048.84,0,271,284234.79
2024-10-17,DXB-JFK,3,10,1048.99,0,263,275884.42
2024-10-18,DXB-JFK,4,10,1054.27,0,249,262512.23
2024-10-19,DXB-JFK,5,10,1050.52,0,327,343520.63
2024-10-20,DXB-JFK,6,10,836.18,1,344,287645.88
2024-10-21,DXB-JFK,0,10,1051.43,0,222,233417.1
2024-10-22,DXB-JFK,1,10,1051.23,0,227,238628.79
2024-10-23,DXB-JFK,2,10,1050.52,0,294,308854.18
2024-10-24,DXB-JFK,3,10,1049.25,0,277,290641.79
2024-10-25,DXB-JFK,4,10,1047.75,0,323,338423.13
2024-10-26,DXB-JFK,5,10,1047.6,0,310,324754.7
2024-10-27,DXB-JFK,6,10,1044.67,0,248,259077.62
2024-10-28,DXB-JFK,0,10,1045.14,0,246,257103.8
2024-10-29,DXB-JFK,1,10,1043.85,0,239,249480.81
2024-10-30,DXB-JFK,2,10,1041.49,0,248,258290.35
2024-10-31,DXB-JFK,3,10,1040.15,0,283,294362.48
2024-11-01,DXB-JFK,4,11,1041.36,0,316,329070.93
2024-11-02,DXB-JFK,5,11,1039.88,0,323,335882.77
2024-11-03,DXB-JFK,6,11,1039.74,0,263,273452.31
2024-11-04,DXB-JFK,0,11,1037.96,0,257,266756.41
2024-11-05,DXB-JFK,1,11,1038.41,0,216,224297.07
2024-11-06,DXB-JFK,2,11,1038.75,0,224,232679.94
2024-11-07,DXB-JFK,3,11,1040.83,0,298,310166.8
2024-11-08,DXB-JFK,4,11,1039.87,0,323,335876.98
2024-11-09,DXB-JFK,5,11,1040.17,0,326,339094.85
2024-11-10,DXB-JFK,6,11,1039.61,0,263,273417.52
2024-11-11,DXB-JFK,0,11,1040.85,0,240,249802.98
2024-11-12,DXB-JFK,1,11,1039.06,0,242,251451.49
2024-11-13,DXB-JFK,2,11,1039.46,0,233,242193.75
2024-11-14,DXB-JFK,3,11,1038.45,0,276,286611.59
2024-11-15,DXB-JFK,4,11,1037.63,0,329,341380.25
2024-11-16,DXB-JFK,5,11,881.58,1,410,361446.29
2024-11-17,DXB-JFK,6,11,1036.69,0,283,293384.22
2024-11-18,DXB-JFK,0,11,1035.79,0,267,276555.43
2024-11-19,DXB-JFK,1,11,1035.38,0,222,229853.54
2024-11-20,DXB-JFK,2,11,1037.01,0,273,283102.81
2024-11-21,DXB-JFK,3,11,822.58,1,337,277208.59
2024-11-22,DXB-JFK,4,11,1038.31,0,329,341602.72
2024-11-23,DXB-JFK,5,11,1036.88,0,334,346317.05
2024-11-24,DXB-JFK,6,11,1034.8,0,322,333204.1
2024-11-25,DXB-JFK,0,11,1035.48,0,249,257833.87
2024-11-26,DXB-JFK,1,11,1036.04,0,268,277658.16
2024-11-27,DXB-JFK,2,11,1037.49,0,266,275972.55
2024-11-28,DXB-JFK,3,11,1035.83,0,302,312819.49
2024-11-29,DXB-JFK,4,11,1034.72,0,332,343527.25
2024-11-30,DXB-JFK,5,11,1031.5,0,336,346583.26
2024-12-01,DXB-JFK,6,12,1030.14,0,312,321404.65
2024-12-02,DXB-JFK,0,12,1030.87,0,274,282458.28
2024-12-03,DXB-JFK,1,12,901.82,1,306,275957.94
2024-12-04,DXB-JFK,2,12,1029.59,0,287,295491.51
2024-12-05,DXB-JFK,3,12,1028.53,0,336,345584.86
2024-12-06,DXB-JFK,4,12,1028.24,0,374,384560.02
2024-12-07,DXB-JFK,5,12,1025.73,0,349,357981.38
2024-12-08,DXB-JFK,6,12,1025.08,0,345,353653.02
2024-12-09,DXB-JFK,0,12,1019.81,0,270,275349.06
2024-12-10,DXB-JFK,1,12,1018.75,0,296,301548.8
2024-12-11,DXB-JFK,2,12,1015.51,0,313,317855.67
2024-12-12,DXB-JFK,3,12,1016.53,0,300,304960.08
2024-12-13,DXB-JFK,4,12,1016.91,0,374,380324.07
2024-12-14,DXB-JFK,5,12,1016.82,0,379,385373.7
2024-12-15,DXB-JFK,6,12,1018.3,0,327,332985.7
2024-12-16,DXB-JFK,0,12,1016.09,0,326,331244.1
2024-12-17,DXB-JFK,1,12,1017.91,0,284,289086.56
2024-12-18,DXB-JFK,2,12,1018.51,0,294,299442.05
2024-12-19,DXB-JFK,3,12,1017.36,0,347,353022.48
2024-12-20,DXB-JFK,4,12,1018.26,0,394,401193.73
2024-12-21,DXB-JFK,5,12,1015.8,0,392,398192.19
2024-12-22,DXB-JFK,6,12,1013.76,0,371,376103.49
2024-12-23,DXB-JFK,0,12,1012.04,0,313,316768.0
2024-12-24,DXB-JFK,1,12,1010.44,0,258,260693.25
2024-12-25,DXB-JFK,2,12,1008.05,0,300,302414.14
2024-12-26,DXB-JFK,3,12,1009.07,0,333,336021.56
2024-12-27,DXB-JFK,4,12,1007.88,0,387,390048.21
2024-12-28,DXB-JFK,5,12,1007.6,0,330,332506.49
2024-12-29,DXB-JFK,6,12,1005.93,0,393,395330.16
2024-12-30,DXB-JFK,0,12,1002.39,0,308,308735.12
2024-12-31,DXB-JFK,1,12,1001.98,0,293,293580.02
2025-01-01,DXB-JFK,2,1,998.3,0,286,285513.31
2025-01-02,DXB-JFK,3,1,997.38,0,341,340107.19
2025-01-03,DXB-JFK,4,1,994.52,0,345,343107.75
2025-01-04,DXB-JFK,5,1,996.68,0,361,359802.02
2025-01-05,DXB-JFK,6,1,997.23,0,301,300167.28
2025-01-06,DXB-JFK,0,1,996.58,0,260,259109.93
2025-01-07,DXB-JFK,1,1,997.66,0,249,248416.44
2025-01-08,DXB-JFK,2,1,995.57,0,255,253870.56
2025-01-09,DXB-JFK,3,1,995.57,0,287,285728.51
2025-01-10,DXB-JFK,4,1,995.05,0,302,300505.99
2025-01-11,DXB-JFK,5,1,994.63,0,342,340164.27
2025-01-12,DXB-JFK,6,1,995.72,0,270,268845.55
2025-01-13,DXB-JFK,0,1,996.01,0,266,264937.68
2025-01-14,DXB-JFK,1,1,995.62,0,257,255875.06
2025-01-15,DXB-JFK,2,1,992.32,0,272,269912.13
2025-01-16,DXB-JFK,3,1,990.07,0,292,289099.74
2025-01-17,DXB-JFK,4,1,989.07,0,392,387714.45
2025-01-18,DXB-JFK,5,1,988.39,0,374,369658.5
2025-01-19,DXB-JFK,6,1,985.88,0,280,276046.67
2025-01-20,DXB-JFK,0,1,701.27,1,354,248248.41
2025-01-21,DXB-JFK,1,1,990.14,0,250,247535.84
2025-01-22,DXB-JFK,2,1,990.23,0,254,251519.04
2025-01-23,DXB-JFK,3,1,989.53,0,278,275088.5
2025-01-24,DXB-JFK,4,1,988.4,0,340,336054.55
2025-01-25,DXB-JFK,5,1,986.16,0,333,328389.83
2025-01-26,DXB-JFK,6,1,985.46,0,321,316332.78
2025-01-27,DXB-JFK,0,1,985.04,0,282,277780.23
2025-01-28,DXB-JFK,1,1,982.36,0,283,278008.95
2025-01-29,DXB-JFK,2,1,982.06,0,259,254352.53
2025-01-30,DXB-JFK,3,1,981.02,0,314,308038.78
2025-01-31,DXB-JFK,4,1,977.35,0,348,340116.6
2025-02-01,DXB-JFK,5,2,975.25,0,341,332560.28
2025-02-02,DXB-JFK,6,2,973.82,0,293,285330.7
2025-02-03,DXB-JFK,0,2,975.85,0,295,287876.59
2025-02-04,DXB-JFK,1,2,975.89,0,267,260561.39
2025-02-05,DXB-JFK,2,2,973.08,0,286,278301.19
2025-02-06,DXB-JFK,3,2,973.01,0,293,285092.06
2025-02-07,DXB-JFK,4,2,969.89,0,313,303575.95
2025-02-08,DXB-JFK,5,2,970.72,0,340,330044.27
2025-02-09,DXB-JFK,6,2,969.22,0,307,297549.45
2025-02-10,DXB-JFK,0,2,968.28,0,254,245943.69
2025-02-11,DXB-JFK,1,2,969.48,0,265,256911.9
2025-02-12,DXB-JFK,2,2,966.76,0,249,240722.67
2025-02-13,DXB-JFK,3,2,963.87,0,290,279523.27
2025-02-14,DXB-JFK,4,2,962.21,0,354,340622.72
2025-02-15,DXB-JFK,5,2,962.98,0,368,354377.97
2025-02-16,DXB-JFK,6,2,959.92,0,305,292776.05
2025-02-17,DXB-JFK,0,2,954.89,0,258,246362.15
2025-02-18,DXB-JFK,1,2,953.44,0,252,240265.91
2025-02-19,DXB-JFK,2,2,953.49,0,275,262208.84
2025-02-20,DXB-JFK,3,2,954.51,0,326,311170.95
2025-02-21,DXB-JFK,4,2,953.04,0,363,345955.18
2025-02-22,DXB-JFK,5,2,951.66,0,349,332128.24
2025-02-23,DXB-JFK,6,2,952.62,0,293,279117.49
2025-02-24,DXB-JFK,0,2,949.05,0,281,266682.72
2025-02-25,DXB-JFK,1,2,947.7,0,257,243559.54
2025-02-26,DXB-JFK,2,2,947.23,0,274,259540.2
2025-02-27,DXB-JFK,3,2,947.14,0,341,322975.48
2025-02-28,DXB-JFK,4,2,793.95,1,419,332666.8
2025-03-01,DXB-JFK,5,3,944.92,0,366,345840.56
2025-03-02,DXB-JFK,6,3,940.44,0,294,276488.25
2025-03-03,DXB-JFK,0,3,938.7,0,283,265652.3
2025-03-04,DXB-JFK,1,3,938.64,0,291,273142.95
2025-03-05,DXB-JFK,2,3,936.42,0,280,262197.48
2025-03-06,DXB-JFK,3,3,935.77,0,346,323775.84
2025-03-07,DXB-JFK,4,3,935.7,0,378,353695.29
2025-03-08,DXB-JFK,5,3,934.45,0,403,376585.02
2025-03-09,DXB-JFK,6,3,933.98,0,327,305411.13
2025-03-10,DXB-JFK,0,3,931.81,0,292,272087.68
2025-03-11,DXB-JFK,1,3,930.77,0,299,278300.99
2025-03-12,DXB-JFK,2,3,930.97,0,296,275566.05
2025-03-13,DXB-JFK,3,3,930.48,0,312,290310.87
2025-03-14,DXB-JFK,4,3,928.89,0,344,319537.72
2025-03-15,DXB-JFK,5,3,928.51,0,374,347263.99
2025-03-16,DXB-JFK,6,3,928.88,0,298,276805.32
2025-03-17,DXB-JFK,0,3,925.1,0,282,260877.37
2025-03-18,DXB-JFK,1,3,926.13,0,296,274135.72
2025-03-19,DXB-JFK,2,3,924.93,0,252,233082.82
2025-03-20,DXB-JFK,3,3,924.88,0,354,327405.98
2025-03-21,DXB-JFK,4,3,925.98,0,379,350946.7
2025-03-22,DXB-JFK,5,3,923.24,0,361,333288.22
2025-03-23,DXB-JFK,6,3,921.49,0,336,309620.12
2025-03-24,DXB-JFK,0,3,920.38,0,286,263227.52
2025-03-25,DXB-JFK,1,3,918.52,0,301,276475.84
2025-03-26,DXB-JFK,2,3,649.85,1,409,265788.0
2025-03-27,DXB-JFK,3,3,918.5,0,300,275550.43
2025-03-28,DXB-JFK,4,3,917.0,0,372,341125.44
2025-03-29,DXB-JFK,5,3,916.65,0,370,339160.57
2025-03-30,DXB-JFK,6,3,914.19,0,331,302597.14
2025-03-31,DXB-JFK,0,3,912.95,0,276,251972.84
2025-04-01,DXB-JFK,1,4,912.77,0,312,284785.25
2025-04-02,DXB-JFK,2,4,911.63,0,314,286251.84
2025-04-03,DXB-JFK,3,4,910.85,0,316,287828.7
2025-04-04,DXB-JFK,4,4,909.42,0,334,303746.59
2025-04-05,DXB-JFK,5,4,906.52,0,371,336318.22
2025-04-06,DXB-JFK,6,4,746.11,1,399,297699.56
2025-04-07,DXB-JFK,0,4,908.38,0,295,267973.21
2025-04-08,DXB-JFK,1,4,907.79,0,307,278692.57
2025-04-09,DXB-JFK,2,4,907.52,0,312,283145.56
2025-04-10,DXB-JFK,3,4,907.95,0,353,320505.62
2025-04-11,DXB-JFK,4,4,905.44,0,373,337728.94
2025-04-12,DXB-JFK,5,4,907.39,0,350,317587.71
2025-04-13,DXB-JFK,6,4,907.1,0,331,300250.69
2025-04-14,DXB-JFK,0,4,908.96,0,312,283595.23
2025-04-15,DXB-JFK,1,4,907.27,0,286,259480.29
2025-04-16,DXB-JFK,2,4,909.42,0,309,281010.72
2025-04-17,DXB-JFK,3,4,910.01,0,329,299392.09
2025-04-18,DXB-JFK,4,4,910.26,0,345,314041.26
2025-04-19,DXB-JFK,5,4,910.05,0,381,346728.7
2025-04-20,DXB-JFK,6,4,785.53,1,385,302427.49
2025-04-21,DXB-JFK,0,4,910.36,0,283,257631.57
2025-04-22,DXB-JFK,1,4,910.02,0,285,259355.09
2025-04-23,DXB-JFK,2,4,906.52,0,286,259264.92
2025-04-24,DXB-JFK,3,4,904.3,0,363,328262.14
2025-04-25,DXB-JFK,4,4,903.49,0,367,331580.19
2025-04-26,DXB-JFK,5,4,903.42,0,424,383050.94
2025-04-27,DXB-JFK,6,4,902.81,0,373,336748.55
2025-04-28,DXB-JFK,0,4,904.12,0,298,269427.39
2025-04-29,DXB-JFK,1,4,900.68,0,277,249487.4
2025-04-30,DXB-JFK,2,4,900.38,0,270,243103.05
2025-05-01,DXB-JFK,3,5,897.15,0,316,283499.33
2025-05-02,DXB-JFK,4,5,897.79,0,349,313328.63
2025-05-03,DXB-JFK,5,5,897.15,0,430,385776.19
2025-05-04,DXB-JFK,6,5,897.29,0,351,314950.41
2025-05-05,DXB-JFK,0,5,895.52,0,314,281191.88
2025-05-06,DXB-JFK,1,5,896.96,0,260,233208.81
2025-05-07,DXB-JFK,2,5,898.05,0,291,261331.78
2025-05-08,DXB-JFK,3,5,898.46,0,370,332428.72
2025-05-09,DXB-JFK,4,5,897.8,0,393,352835.67
2025-05-10,DXB-JFK,5,5,751.83,1,461,346592.79
2025-05-11,DXB-JFK,6,5,896.7,0,367,329090.72
2025-05-12,DXB-JFK,0,5,897.54,0,342,306960.13
2025-05-13,DXB-JFK,1,5,899.58,0,301,270773.62
2025-05-14,DXB-JFK,2,5,757.41,1,368,278725.48
2025-05-15,DXB-JFK,3,5,899.23,0,362,325522.09
2025-05-16,DXB-JFK,4,5,899.35,0,449,403809.7
2025-05-17,DXB-JFK,5,5,897.0,0,360,322919.51
2025-05-18,DXB-JFK,6,5,897.45,0,377,338337.88
2025-05-19,DXB-JFK,0,5,897.72,0,316,283679.69
2025-05-20,DXB-JFK,1,5,748.27,1,373,279103.18
2025-05-21,DXB-JFK,2,5,892.38,0,315,281101.05
2025-05-22,DXB-JFK,3,5,891.57,0,367,327207.7
2025-05-23,DXB-JFK,4,5,890.74,0,422,375893.7
2025-05-24,DXB-JFK,5,5,888.56,0,504,447832.09
2025-05-25,DXB-JFK,6,5,888.77,0,391,347509.8
2025-05-26,DXB-JFK,0,5,888.79,0,311,276413.01
2025-05-27,DXB-JFK,1,5,888.14,0,314,278876.36
2025-05-28,DXB-JFK,2,5,886.66,0,329,291710.67
2025-05-29,DXB-JFK,3,5,887.89,0,338,300106.42
2025-05-30,DXB-JFK,4,5,890.04,0,407,362244.36
2025-05-31,DXB-JFK,5,5,772.56,1,509,393231.04
2025-06-01,DXB-JFK,6,6,887.74,0,354,314258.92
2025-06-02,DXB-JFK,0,6,888.16,0,358,317959.82
2025-06-03,DXB-JFK,1,6,715.48,1,404,289052.96
2025-06-04,DXB-JFK,2,6,886.79,0,332,294415.2
2025-06-05,DXB-JFK,3,6,670.31,1,482,323089.84
2025-06-06,DXB-JFK,4,6,884.45,0,469,414805.4
2025-06-07,DXB-JFK,5,6,886.14,0,468,414712.4
2025-06-08,DXB-JFK,6,6,885.97,0,394,349070.87
2025-06-09,DXB-JFK,0,6,885.08,0,341,301810.88
2025-06-10,DXB-JFK,1,6,884.67,0,341,301674.15
2025-06-11,DXB-JFK,2,6,884.36,0,345,305103.47
2025-06-12,DXB-JFK,3,6,881.51,0,350,308527.4
2025-06-13,DXB-JFK,4,6,883.5,0,493,435566.24
2025-06-14,DXB-JFK,5,6,741.52,1,534,395973.51
2025-06-15,DXB-JFK,6,6,883.75,0,413,364989.58
2025-06-16,DXB-JFK,0,6,884.95,0,353,312387.74
2025-06-17,DXB-JFK,1,6,883.2,0,333,294104.83
2025-06-18,DXB-JFK,2,6,883.69,0,361,319013.09
2025-06-19,DXB-JFK,3,6,883.08,0,369,325857.54
2025-06-20,DXB-JFK,4,6,884.15,0,510,450917.0
2025-06-21,DXB-JFK,5,6,880.76,0,436,384013.44
2025-06-22,DXB-JFK,6,6,880.43,0,387,340725.4
2025-06-23,DXB-JFK,0,6,879.34,0,354,311286.73
2025-06-24,DXB-JFK,1,6,879.81,0,383,336968.75
2025-06-25,DXB-JFK,2,6,880.35,0,373,328370.63
2025-06-26,DXB-JFK,3,6,879.13,0,386,339342.87
2025-06-27,DXB-JFK,4,6,877.9,0,493,432806.12
2025-06-28,DXB-JFK,5,6,690.33,1,606,418341.84
2025-06-29,DXB-JFK,6,6,876.1,0,434,380227.84
2025-06-30,DXB-JFK,0,6,877.23,0,385,337733.01
2025-07-01,DXB-JFK,1,7,876.55,0,414,362890.09
2025-07-02,DXB-JFK,2,7,872.06,0,430,374987.38
2025-07-03,DXB-JFK,3,7,871.39,0,408,355525.58
2025-07-04,DXB-JFK,4,7,686.43,1,619,424901.26
2025-07-05,DXB-JFK,5,7,867.17,0,500,433585.65
2025-07-06,DXB-JFK,6,7,865.22,0,441,381562.1
2025-07-07,DXB-JFK,0,7,865.3,0,338,292470.08
2025-07-08,DXB-JFK,1,7,742.34,1,411,305100.66
2025-07-09,DXB-JFK,2,7,867.6,0,365,316674.99
2025-07-10,DXB-JFK,3,7,866.63,0,450,389981.29
2025-07-11,DXB-JFK,4,7,867.25,0,499,432756.67
2025-07-12,DXB-JFK,5,7,866.5,0,429,371730.6
2025-07-13,DXB-JFK,6,7,865.42,0,429,371263.23
2025-07-14,DXB-JFK,0,7,863.64,0,402,347184.56
2025-07-15,DXB-JFK,1,7,860.98,0,365,314258.26
2025-07-16,DXB-JFK,2,7,860.37,0,402,345868.54
2025-07-17,DXB-JFK,3,7,860.59,0,439,377797.37
2025-07-18,DXB-JFK,4,7,860.43,0,480,413005.35
2025-07-19,DXB-JFK,5,7,859.8,0,483,415282.02
2025-07-20,DXB-JFK,6,7,655.5,1,494,323816.0
2025-07-21,DXB-JFK,0,7,859.3,0,350,300754.26
2025-07-22,DXB-JFK,1,7,857.34,0,383,328359.64
2025-07-23,DXB-JFK,2,7,858.52,0,383,328813.33
2025-07-24,DXB-JFK,3,7,857.04,0,424,363386.83
2025-07-25,DXB-JFK,4,7,855.95,0,456,390313.14
2025-07-26,DXB-JFK,5,7,853.79,0,479,408965.7
2025-07-27,DXB-JFK,6,7,853.09,0,453,386448.05
2025-07-28,DXB-JFK,0,7,854.6,0,365,311930.34
2025-07-29,DXB-JFK,1,7,732.24,1,378,276787.66
2025-07-30,DXB-JFK,2,7,856.97,0,395,338504.76
2025-07-31,DXB-JFK,3,7,857.83,0,415,356000.34
2025-08-01,DXB-JFK,4,8,856.26,0,461,394735.06
2025-08-02,DXB-JFK,5,8,855.85,0,525,449321.5
2025-08-03,DXB-JFK,6,8,729.81,1,474,345931.52
2025-08-04,DXB-JFK,0,8,856.87,0,371,317899.92
2025-08-05,DXB-JFK,1,8,855.19,0,331,283066.75
2025-08-06,DXB-JFK,2,8,856.64,0,366,313531.16
2025-08-07,DXB-JFK,3,8,858.1,0,428,367268.54
2025-08-08,DXB-JFK,4,8,860.98,0,407,350417.78
2025-08-09,DXB-JFK,5,8,622.79,1,613,381772.96
2025-08-10,DXB-JFK,6,8,861.71,0,410,353300.75
2025-08-11,DXB-JFK,0,8,865.28,0,356,308039.9
2025-08-12,DXB-JFK,1,8,864.51,0,368,318139.61
2025-08-13,DXB-JFK,2,8,862.37,0,368,317352.01
2025-08-14,DXB-JFK,3,8,859.72,0,439,377416.45
2025-08-15,DXB-JFK,4,8,860.96,0,413,355577.84
2025-08-16,DXB-JFK,5,8,858.32,0,462,396544.23
2025-08-17,DXB-JFK,6,8,857.95,0,402,344896.42
2025-08-18,DXB-JFK,0,8,858.8,0,327,280828.51
2025-08-19,DXB-JFK,1,8,859.28,0,360,309341.77
2025-08-20,DXB-JFK,2,8,860.13,0,404,347492.35
2025-08-21,DXB-JFK,3,8,860.68,0,394,339107.25
2025-08-22,DXB-JFK,4,8,862.82,0,443,382228.57
2025-08-23,DXB-JFK,5,8,861.62,0,450,387728.27
2025-08-24,DXB-JFK,6,8,860.84,0,374,321953.34
2025-08-25,DXB-JFK,0,8,859.92,0,304,261415.75
2025-08-26,DXB-JFK,1,8,861.41,0,319,274790.89
2025-08-27,DXB-JFK,2,8,863.02,0,317,273576.84
2025-08-28,DXB-JFK,3,8,863.96,0,424,366317.4
2025-08-29,DXB-JFK,4,8,866.0,0,417,361121.44
2025-08-30,DXB-JFK,5,8,864.51,0,428,370008.27
2025-08-31,DXB-JFK,6,8,867.29,0,401,347781.79
2025-09-01,DXB-JFK,0,9,869.86,0,310,269655.86
2025-09-02,DXB-JFK,1,9,871.25,0,309,269217.46
2025-09-03,DXB-JFK,2,9,874.23,0,338,295488.33
2025-09-04,DXB-JFK,3,9,636.12,1,513,326327.45
2025-09-05,DXB-JFK,4,9,871.57,0,423,368674.78
2025-09-06,DXB-JFK,5,9,870.79,0,434,377921.44
2025-09-07,DXB-JFK,6,9,872.19,0,375,327072.49
2025-09-08,DXB-JFK,0,9,870.95,0,334,290896.87
2025-09-09,DXB-JFK,1,9,666.24,1,400,266494.91
2025-09-10,DXB-JFK,2,9,874.82,0,311,272069.19
2025-09-11,DXB-JFK,3,9,876.21,0,370,324198.63
2025-09-12,DXB-JFK,4,9,876.99,0,377,330626.53
2025-09-13,DXB-JFK,5,9,875.87,0,422,369618.43
2025-09-14,DXB-JFK,6,9,874.97,0,357,312364.39
2025-09-15,DXB-JFK,0,9,877.22,0,369,323693.55
2025-09-16,DXB-JFK,1,9,878.77,0,312,274175.28
2025-09-17,DXB-JFK,2,9,879.09,0,299,262849.11
2025-09-18,DXB-JFK,3,9,878.86,0,361,317268.01
2025-09-19,DXB-JFK,4,9,876.22,0,411,360125.44
2025-09-20,DXB-JFK,5,9,875.01,0,458,400756.8
2025-09-21,DXB-JFK,6,9,878.29,0,350,307401.98
2025-09-22,DXB-JFK,0,9,876.79,0,288,252514.36
2025-09-23,DXB-JFK,1,9,877.49,0,326,286062.17
2025-09-24,DXB-JFK,2,9,879.43,0,296,260311.1
2025-09-25,DXB-JFK,3,9,877.98,0,352,309048.87
2025-09-26,DXB-JFK,4,9,878.7,0,389,341812.47
2025-09-27,DXB-JFK,5,9,880.55,0,409,360143.47
2025-09-28,DXB-JFK,6,9,764.82,1,419,320458.74
2025-09-29,DXB-JFK,0,9,885.77,0,300,265731.96
2025-09-30,DXB-JFK,1,9,883.73,0,302,266886.91
2025-10-01,DXB-JFK,2,10,885.79,0,319,282565.86
2025-10-02,DXB-JFK,3,10,886.0,0,360,318959.84
2025-10-03,DXB-JFK,4,10,887.64,0,392,347953.05
2025-10-04,DXB-JFK,5,10,888.78,0,417,370621.55
2025-10-05,DXB-JFK,6,10,888.17,0,374,332175.52
2025-10-06,DXB-JFK,0,10,889.01,0,319,283593.44
2025-10-07,DXB-JFK,1,10,886.72,0,313,277543.51
2025-10-08,DXB-JFK,2,10,888.13,0,288,255781.56
2025-10-09,DXB-JFK,3,10,889.09,0,356,316515.35
2025-10-10,DXB-JFK,4,10,890.56,0,399,355334.14
2025-10-11,DXB-JFK,5,10,892.67,0,422,376706.69
2025-10-12,DXB-JFK,6,10,893.75,0,338,302086.66
2025-10-13,DXB-JFK,0,10,894.5,0,297,265666.8
2025-10-14,DXB-JFK,1,10,893.72,0,292,260965.05
2025-10-15,DXB-JFK,2,10,893.19,0,326,291179.68
2025-10-16,DXB-JFK,3,10,895.52,0,374,334922.99
2025-10-17,DXB-JFK,4,10,898.22,0,376,337731.57
2025-10-18,DXB-JFK,5,10,898.42,0,424,380930.85
2025-10-19,DXB-JFK,6,10,899.05,0,354,318264.59
2025-10-20,DXB-JFK,0,10,898.26,0,306,274868.24
2025-10-21,DXB-JFK,1,10,900.59,0,297,267476.08
2025-10-22,DXB-JFK,2,10,902.17,0,328,295910.88
2025-10-23,DXB-JFK,3,10,905.66,0,356,322415.06
2025-10-24,DXB-JFK,4,10,706.66,1,530,374527.87
2025-10-25,DXB-JFK,5,10,904.95,0,379,342976.93
2025-10-26,DXB-JFK,6,10,905.89,0,360,326122.12
2025-10-27,DXB-JFK,0,10,649.74,1,387,251450.55
2025-10-28,DXB-JFK,1,10,907.75,0,283,256891.97
2025-10-29,DXB-JFK,2,10,907.05,0,312,282998.09
2025-10-30,DXB-JFK,3,10,908.98,0,351,319052.28
2025-10-31,DXB-JFK,4,10,910.68,0,448,407984.92
2025-11-01,DXB-JFK,5,11,909.93,0,394,358511.92
2025-11-02,DXB-JFK,6,11,912.59,0,324,295678.76
2025-11-03,DXB-JFK,0,11,914.98,0,309,282727.37
2025-11-04,DXB-JFK,1,11,915.81,0,260,238111.19
2025-11-05,DXB-JFK,2,11,681.75,1,392,267245.67
2025-11-06,DXB-JFK,3,11,918.05,0,347,318562.13
2025-11-07,DXB-JFK,4,11,917.4,0,398,365126.03
2025-11-08,DXB-JFK,5,11,918.1,0,420,385601.74
2025-11-09,DXB-JFK,6,11,915.53,0,338,309448.17
2025-11-10,DXB-JFK,0,11,917.5,0,302,277085.66
2025-11-11,DXB-JFK,1,11,915.82,0,285,261009.92
2025-11-12,DXB-JFK,2,11,918.75,0,291,267355.58
2025-11-13,DXB-JFK,3,11,918.92,0,355,326218.26
2025-11-14,DXB-JFK,4,11,919.28,0,353,324506.96
2025-11-15,DXB-JFK,5,11,919.02,0,390,358418.34
2025-11-16,DXB-JFK,6,11,919.27,0,330,303360.05
2025-11-17,DXB-JFK,0,11,922.09,0,317,292301.87
2025-11-18,DXB-JFK,1,11,919.05,0,335,307880.78
2025-11-19,DXB-JFK,2,11,921.66,0,291,268202.2
2025-11-20,DXB-JFK,3,11,922.86,0,314,289778.72
2025-11-21,DXB-JFK,4,11,921.75,0,385,354874.98
2025-11-22,DXB-JFK,5,11,920.85,0,407,374784.02
2025-11-23,DXB-JFK,6,11,924.07,0,361,333588.65
2025-11-24,DXB-JFK,0,11,923.36,0,305,281625.35
2025-11-25,DXB-JFK,1,11,922.35,0,305,281315.8
2025-11-26,DXB-JFK,2,11,924.77,0,330,305174.51
2025-11-27,DXB-JFK,3,11,926.0,0,385,356510.25
2025-11-28,DXB-JFK,4,11,925.32,0,353,326637.44
2025-11-29,DXB-JFK,5,11,794.18,1,463,367704.55
2025-11-30,DXB-JFK,6,11,925.56,0,374,346160.79
2025-12-01,DXB-JFK,0,12,927.95,0,307,284880.27
2025-12-02,DXB-JFK,1,12,930.28,0,352,327457.75
2025-12-03,DXB-JFK,2,12,931.82,0,322,300044.6
2025-12-04,DXB-JFK,3,12,933.1,0,375,349912.75
2025-12-05,DXB-JFK,4,12,936.49,0,428,400816.82
2025-12-06,DXB-JFK,5,12,937.24,0,419,392701.74
2025-12-07,DXB-JFK,6,12,936.21,0,341,319248.89
2025-12-08,DXB-JFK,0,12,937.64,0,329,308484.06
2025-12-09,DXB-JFK,1,12,941.53,0,352,331417.42
2025-12-10,DXB-JFK,2,12,940.76,0,341,320800.29
2025-12-11,DXB-JFK,3,12,940.98,0,372,350045.42
2025-12-12,DXB-JFK,4,12,942.37,0,455,428778.63
2025-12-13,DXB-JFK,5,12,943.06,0,442,416830.66
2025-12-14,DXB-JFK,6,12,942.35,0,385,362805.01
2025-12-15,DXB-JFK,0,12,944.8,0,352,332571.04
2025-12-16,DXB-JFK,1,12,949.06,0,357,338813.36
2025-12-17,DXB-JFK,2,12,950.13,0,408,387651.51
2025-12-18,DXB-JFK,3,12,949.55,0,420,398809.86
2025-12-19,DXB-JFK,4,12,948.0,0,470,445561.44
2025-12-20,DXB-JFK,5,12,949.17,0,445,422381.21
2025-12-21,DXB-JFK,6,12,951.61,0,376,357805.45
2025-12-22,DXB-JFK,0,12,953.11,0,352,335494.05
2025-12-23,DXB-JFK,1,12,953.89,0,345,329092.54
2025-12-24,DXB-JFK,2,12,953.8,0,334,318567.94
2025-12-25,DXB-JFK,3,12,952.95,0,395,376414.63
2025-12-26,DXB-JFK,4,12,755.41,1,537,405656.18
2025-12-27,DXB-JFK,5,12,957.16,0,461,441249.43
2025-12-28,DXB-JFK,6,12,955.63,0,406,387987.35
2025-12-29,DXB-JFK,0,12,958.82,0,349,334626.61
2025-12-30,DXB-JFK,1,12,960.47,0,323,310233.4
2024-01-01,DXB-LHR,0,1,548.23,1,383,209972.84
2024-01-02,DXB-LHR,1,1,651.08,0,312,203136.75
2024-01-03,DXB-LHR,2,1,652.59,0,290,189251.82
2024-01-04,DXB-LHR,3,1,655.42,0,329,215632.71
2024-01-05,DXB-LHR,4,1,655.61,0,328,215039.68
2024-01-06,DXB-LHR,5,1,655.8,0,363,238054.99
2024-01-07,DXB-LHR,6,1,658.71,0,351,231206.78
2024-01-08,DXB-LHR,0,1,660.4,0,318,210007.46
2024-01-09,DXB-LHR,1,1,660.24,0,263,173642.38
2024-01-10,DXB-LHR,2,1,545.92,1,353,192708.78
2024-01-11,DXB-LHR,3,1,661.44,0,330,218273.94
2024-01-12,DXB-LHR,4,1,661.28,0,369,244011.28
2024-01-13,DXB-LHR,5,1,662.18,0,359,237722.37
2024-01-14,DXB-LHR,6,1,659.85,0,340,224348.36
2024-01-15,DXB-LHR,0,1,657.8,0,284,186814.91
2024-01-16,DXB-LHR,1,1,657.49,0,286,188043.07
2024-01-17,DXB-LHR,2,1,656.51,0,309,202861.95
2024-01-18,DXB-LHR,3,1,657.52,0,334,219611.38
2024-01-19,DXB-LHR,4,1,656.69,0,357,234439.39
2024-01-20,DXB-LHR,5,1,655.11,0,381,249596.82
2024-01-21,DXB-LHR,6,1,657.84,0,332,218403.8
2024-01-22,DXB-LHR,0,1,521.38,1,370,192911.49
2024-01-23,DXB-LHR,1,1,658.67,0,282,185745.55
2024-01-24,DXB-LHR,2,1,657.07,0,328,215518.05
2024-01-25,DXB-LHR,3,1,656.78,0,346,227246.56
2024-01-26,DXB-LHR,4,1,657.48,0,360,236692.35
2024-01-27,DXB-LHR,5,1,656.28,0,399,261856.42
2024-01-28,DXB-LHR,6,1,657.37,0,328,215618.61
2024-01-29,DXB-LHR,0,1,657.0,0,314,206298.11
2024-01-30,DXB-LHR,1,1,657.09,0,294,193184.24
2024-01-31,DXB-LHR,2,1,656.71,0,299,196356.91
2024-02-01,DXB-LHR,3,2,660.01,0,343,226385.07
2024-02-02,DXB-LHR,4,2,660.52,0,331,218631.34
2024-02-03,DXB-LHR,5,2,659.45,0,356,234765.26
2024-02-04,DXB-LHR,6,2,661.21,0,310,204974.32
2024-02-05,DXB-LHR,0,2,659.9,0,296,195329.12
2024-02-06,DXB-LHR,1,2,660.73,0,316,208789.76
2024-02-07,DXB-LHR,2,2,658.3,0,341,224481.8
2024-02-08,DXB-LHR,3,2,526.05,1,446,234616.17
2024-02-09,DXB-LHR,4,2,657.64,0,379,249244.37
2024-02-10,DXB-LHR,5,2,659.26,0,342,225465.94
2024-02-11,DXB-LHR,6,2,555.16,1,392,217621.13
2024-02-12,DXB-LHR,0,2,660.36,0,280,184901.2
2024-02-13,DXB-LHR,1,2,660.42,0,277,182935.74
2024-02-14,DXB-LHR,2,2,658.71,0,298,196294.54
2024-02-15,DXB-LHR,3,2,658.13,0,327,215209.03
2024-02-16,DXB-LHR,4,2,657.94,0,325,213831.74
2024-02-17,DXB-LHR,5,2,526.2,1,515,270993.22
2024-02-18,DXB-LHR,6,2,661.05,0,314,207568.51
2024-02-19,DXB-LHR,0,2,658.9,0,299,197011.0
2024-02-20,DXB-LHR,1,2,659.88,0,324,213801.78
2024-02-21,DXB-LHR,2,2,659.8,0,285,188042.66
2024-02-22,DXB-LHR,3,2,659.28,0,286,188552.93
2024-02-23,DXB-LHR,4,2,660.68,0,362,239167.66
2024-02-24,DXB-LHR,5,2,662.72,0,408,270389.49
2024-02-25,DXB-LHR,6,2,664.6,0,374,248561.53
2024-02-26,DXB-LHR,0,2,663.83,0,272,180561.48
2024-02-27,DXB-LHR,1,2,663.85,0,296,196498.97
2024-02-28,DXB-LHR,2,2,664.83,0,291,193464.2
2024-02-29,DXB-LHR,3,2,666.77,0,331,220699.98
2024-03-01,DXB-LHR,4,3,666.52,0,424,282606.59
2024-03-02,DXB-LHR,5,3,666.72,0,347,231352.1
2024-03-03,DXB-LHR,6,3,665.53,0,340,226281.33
2024-03-04,DXB-LHR,0,3,664.21,0,302,200591.08
2024-03-05,DXB-LHR,1,3,665.9,0,306,203763.94
2024-03-06,DXB-LHR,2,3,668.39,0,300,200518.46
2024-03-07,DXB-LHR,3,3,668.75,0,339,226706.19
2024-03-08,DXB-LHR,4,3,670.72,0,355,238104.08
2024-03-09,DXB-LHR,5,3,671.72,0,386,259282.52
2024-03-10,DXB-LHR,6,3,671.2,0,326,218812.66
2024-03-11,DXB-LHR,0,3,672.2,0,302,203004.37
2024-03-12,DXB-LHR,1,3,674.96,0,277,186963.31
2024-03-13,DXB-LHR,2,3,675.35,0,303,204631.78
2024-03-14,DXB-LHR,3,3,678.15,0,329,223109.75
2024-03-15,DXB-LHR,4,3,674.66,0,387,261092.92
2024-03-16,DXB-LHR,5,3,676.33,0,376,254300.89
2024-03-17,DXB-LHR,6,3,676.9,0,295,199685.7
2024-03-18,DXB-LHR,0,3,594.32,1,359,213359.77
2024-03-19,DXB-LHR,1,3,677.46,0,268,181558.65
2024-03-20,DXB-LHR,2,3,674.91,0,285,192348.25
2024-03-21,DXB-LHR,3,3,675.0,0,320,216001.19
2024-03-22,DXB-LHR,4,3,675.96,0,393,265653.72
2024-03-23,DXB-LHR,5,3,678.6,0,329,223260.05
2024-03-24,DXB-LHR,6,3,580.12,1,467,270913.77
2024-03-25,DXB-LHR,0,3,677.45,0,309,209330.87
2024-03-26,DXB-LHR,1,3,677.11,0,288,195006.64
2024-03-27,DXB-LHR,2,3,678.89,0,295,200272.37
2024-03-28,DXB-LHR,3,3,679.79,0,336,228409.25
2024-03-29,DXB-LHR,4,3,679.4,0,374,254095.13
2024-03-30,DXB-LHR,5,3,680.57,0,392,266783.26
2024-03-31,DXB-LHR,6,3,681.11,0,342,232940.66
2024-04-01,DXB-LHR,0,4,682.96,0,290,198058.63
2024-04-02,DXB-LHR,1,4,682.3,0,280,191043.83
2024-04-03,DXB-LHR,2,4,682.2,0,293,199883.56
2024-04-04,DXB-LHR,3,4,544.38,1,419,228093.37
2024-04-05,DXB-LHR,4,4,680.18,0,389,264590.26
2024-04-06,DXB-LHR,5,4,681.0,0,393,267634.49
2024-04-07,DXB-LHR,6,4,681.77,0,273,186123.52
2024-04-08,DXB-LHR,0,4,581.87,1,360,209472.87
2024-04-09,DXB-LHR,1,4,682.17,0,288,196464.56
2024-04-10,DXB-LHR,2,4,680.41,0,298,202762.62
2024-04-11,DXB-LHR,3,4,680.14,0,326,221726.63
2024-04-12,DXB-LHR,4,4,552.38,1,491,271219.39
2024-04-13,DXB-LHR,5,4,679.14,0,405,275051.91
2024-04-14,DXB-LHR,6,4,679.25,0,320,217360.31
2024-04-15,DXB-LHR,0,4,680.21,0,301,204742.0
2024-04-16,DXB-LHR,1,4,683.38,0,270,184512.8
2024-04-17,DXB-LHR,2,4,683.98,0,274,187411.78
2024-04-18,DXB-LHR,3,4,684.71,0,322,220476.42
2024-04-19,DXB-LHR,4,4,684.93,0,385,263699.07
2024-04-20,DXB-LHR,5,4,682.39,0,407,277731.05
2024-04-21,DXB-LHR,6,4,546.98,1,443,242312.04
2024-04-22,DXB-LHR,0,4,683.09,0,308,210391.23
2024-04-23,DXB-LHR,1,4,500.65,1,420,210274.46
2024-04-24,DXB-LHR,2,4,687.13,0,289,198581.21
2024-04-25,DXB-LHR,3,4,687.9,0,345,237324.73
2024-04-26,DXB-LHR,4,4,688.16,0,386,265627.92
2024-04-27,DXB-LHR,5,4,686.71,0,404,277430.06
2024-04-28,DXB-LHR,6,4,688.72,0,362,249318.23
2024-04-29,DXB-LHR,0,4,690.15,0,308,212566.39
2024-04-30,DXB-LHR,1,4,691.63,0,295,204031.36
2024-05-01,DXB-LHR,2,5,690.56,0,323,223050.37
2024-05-02,DXB-LHR,3,5,692.95,0,337,233524.0
2024-05-03,DXB-LHR,4,5,691.13,0,352,243277.72
2024-05-04,DXB-LHR,5,5,692.29,0,385,266531.42
2024-05-05,DXB-LHR,6,5,695.85,0,324,225455.55
2024-05-06,DXB-LHR,0,5,694.64,0,286,198665.93
2024-05-07,DXB-LHR,1,5,694.05,0,290,201275.73
2024-05-08,DXB-LHR,2,5,694.47,0,292,202784.46
2024-05-09,DXB-LHR,3,5,693.97,0,337,233868.49
2024-05-10,DXB-LHR,4,5,691.9,0,335,231787.0
2024-05-11,DXB-LHR,5,5,692.26,0,401,277594.68
2024-05-12,DXB-LHR,6,5,690.91,0,348,240436.79
2024-05-13,DXB-LHR,0,5,691.86,0,290,200640.67
2024-05-14,DXB-LHR,1,5,690.72,0,312,215506.16
2024-05-15,DXB-LHR,2,5,693.29,0,331,229477.46
2024-05-16,DXB-LHR,3,5,565.24,1,397,224399.58
2024-05-17,DXB-LHR,4,5,572.09,1,454,259731.09
2024-05-18,DXB-LHR,5,5,693.53,0,385,267009.03
2024-05-19,DXB-LHR,6,5,691.9,0,335,231787.45
2024-05-20,DXB-LHR,0,5,692.46,0,327,226434.13
2024-05-21,DXB-LHR,1,5,694.63,0,302,209778.48
2024-05-22,DXB-LHR,2,5,692.43,0,316,218806.7
2024-05-23,DXB-LHR,3,5,692.91,0,316,218958.23
2024-05-24,DXB-LHR,4,5,693.49,0,410,284332.53
2024-05-25,DXB-LHR,5,5,694.86,0,382,265436.86
2024-05-26,DXB-LHR,6,5,693.2,0,364,252323.13
2024-05-27,DXB-LHR,0,5,691.4,0,326,225396.55
2024-05-28,DXB-LHR,1,5,692.36,0,340,235404.04
2024-05-29,DXB-LHR,2,5,692.99,0,303,209975.22
2024-05-30,DXB-LHR,3,5,693.54,0,302,209447.93
2024-05-31,DXB-LHR,4,5,694.22,0,409,283937.83
2024-06-01,DXB-LHR,5,6,693.37,0,470,325883.36
2024-06-02,DXB-LHR,6,6,693.88,0,400,277550.91
2024-06-03,DXB-LHR,0,6,694.47,0,331,229870.44
2024-06-04,DXB-LHR,1,6,693.55,0,312,216388.38
2024-06-05,DXB-LHR,2,6,696.5,0,352,245167.38
2024-06-06,DXB-LHR,3,6,697.35,0,354,246862.5
2024-06-07,DXB-LHR,4,6,695.7,0,426,296369.52
2024-06-08,DXB-LHR,5,6,696.82,0,446,310782.58
2024-06-09,DXB-LHR,6,6,695.49,0,405,281673.26
2024-06-10,DXB-LHR,0,6,696.8,0,389,271053.4
2024-06-11,DXB-LHR,1,6,698.65,0,335,234049.12
2024-06-12,DXB-LHR,2,6,697.54,0,333,232280.65
2024-06-13,DXB-LHR,3,6,491.89,1,564,277424.88
2024-06-14,DXB-LHR,4,6,699.82,0,377,263833.4
2024-06-15,DXB-LHR,5,6,701.16,0,422,295889.35
2024-06-16,DXB-LHR,6,6,704.1,0,375,264038.82
2024-06-17,DXB-LHR,0,6,703.83,0,327,230152.32
2024-06-18,DXB-LHR,1,6,702.79,0,335,235434.3
2024-06-19,DXB-LHR,2,6,701.54,0,331,232209.76
2024-06-20,DXB-LHR,3,6,700.4,0,418,292766.06
2024-06-21,DXB-LHR,4,6,700.36,0,430,301153.98
2024-06-22,DXB-LHR,5,6,700.94,0,449,314722.87
2024-06-23,DXB-LHR,6,6,701.42,0,386,270749.8
2024-06-24,DXB-LHR,0,6,702.73,0,348,244549.4
2024-06-25,DXB-LHR,1,6,702.81,0,355,249496.2
2024-06-26,DXB-LHR,2,6,705.04,0,334,235483.55
2024-06-27,DXB-LHR,3,6,704.69,0,379,267078.7
2024-06-28,DXB-LHR,4,6,708.82,0,423,299830.21
2024-06-29,DXB-LHR,5,6,709.8,0,413,293146.38
2024-06-30,DXB-LHR,6,6,708.55,0,375,265705.45
2024-07-01,DXB-LHR,0,7,706.97,0,337,238249.93
2024-07-02,DXB-LHR,1,7,707.72,0,357,252657.41
2024-07-03,DXB-LHR,2,7,707.41,0,361,255375.44
2024-07-04,DXB-LHR,3,7,708.5,0,401,284108.59
2024-07-05,DXB-LHR,4,7,709.22,0,456,323405.96
2024-07-06,DXB-LHR,5,7,709.12,0,450,319105.51
2024-07-07,DXB-LHR,6,7,707.86,0,407,288098.07
2024-07-08,DXB-LHR,0,7,705.59,0,348,245543.71
2024-07-09,DXB-LHR,1,7,704.91,0,348,245309.05
2024-07-10,DXB-LHR,2,7,706.19,0,345,243634.38
2024-07-11,DXB-LHR,3,7,706.49,0,341,240914.52
2024-07-12,DXB-LHR,4,7,704.61,0,435,306504.27
2024-07-13,DXB-LHR,5,7,704.84,0,496,349602.97
2024-07-14,DXB-LHR,6,7,705.4,0,421,296971.54
2024-07-15,DXB-LHR,0,7,704.04,0,371,261198.17
2024-07-16,DXB-LHR,1,7,704.23,0,368,259157.63
2024-07-17,DXB-LHR,2,7,704.28,0,359,252836.3
2024-07-18,DXB-LHR,3,7,499.68,1,588,293812.65
2024-07-19,DXB-LHR,4,7,703.01,0,421,295965.91
2024-07-20,DXB-LHR,5,7,703.79,0,446,313892.12
2024-07-21,DXB-LHR,6,7,705.36,0,411,289902.95
2024-07-22,DXB-LHR,0,7,706.88,0,371,262251.59
2024-07-23,DXB-LHR,1,7,704.74,0,336,236793.84
2024-07-24,DXB-LHR,2,7,703.26,0,345,242626.35
2024-07-25,DXB-LHR,3,7,703.96,0,394,277360.57
2024-07-26,DXB-LHR,4,7,704.65,0,446,314274.15
2024-07-27,DXB-LHR,5,7,705.34,0,409,288483.12
2024-07-28,DXB-LHR,6,7,711.03,0,334,237482.99
2024-07-29,DXB-LHR,0,7,711.79,0,327,232754.98
2024-07-30,DXB-LHR,1,7,713.39,0,305,217585.02
2024-07-31,DXB-LHR,2,7,714.72,0,332,237287.47
2024-08-01,DXB-LHR,3,8,715.59,0,378,270493.31
2024-08-02,DXB-LHR,4,8,715.01,0,406,290292.36
2024-08-03,DXB-LHR,5,8,716.03,0,471,337249.09
2024-08-04,DXB-LHR,6,8,714.75,0,386,275892.61
2024-08-05,DXB-LHR,0,8,714.27,0,337,240708.05
2024-08-06,DXB-LHR,1,8,713.41,0,336,239705.59
2024-08-07,DXB-LHR,2,8,713.4,0,314,224007.06
2024-08-08,DXB-LHR,3,8,716.73,0,397,284542.55
2024-08-09,DXB-LHR,4,8,713.79,0,408,291225.59
2024-08-10,DXB-LHR,5,8,714.67,0,443,316599.03
2024-08-11,DXB-LHR,6,8,499.52,1,515,257252.68
2024-08-12,DXB-LHR,0,8,711.24,0,296,210525.95
2024-08-13,DXB-LHR,1,8,712.71,0,333,237332.31
2024-08-14,DXB-LHR,2,8,712.64,0,338,240872.88
2024-08-15,DXB-LHR,3,8,710.86,0,349,248088.87
2024-08-16,DXB-LHR,4,8,709.61,0,382,271071.18
2024-08-17,DXB-LHR,5,8,710.45,0,447,317572.3
2024-08-18,DXB-LHR,6,8,709.18,0,340,241119.67
2024-08-19,DXB-LHR,0,8,709.31,0,352,249678.68
2024-08-20,DXB-LHR,1,8,578.72,1,369,213548.85
2024-08-21,DXB-LHR,2,8,708.02,0,338,239311.17
2024-08-22,DXB-LHR,3,8,711.04,0,354,251707.7
2024-08-23,DXB-LHR,4,8,711.79,0,408,290409.08
2024-08-24,DXB-LHR,5,8,708.54,0,398,281999.9
2024-08-25,DXB-LHR,6,8,708.61,0,356,252265.59
2024-08-26,DXB-LHR,0,8,707.4,0,315,222832.08
2024-08-27,DXB-LHR,1,8,708.46,0,288,204037.29
2024-08-28,DXB-LHR,2,8,707.05,0,334,236154.93
2024-08-29,DXB-LHR,3,8,706.65,0,346,244501.29
2024-08-30,DXB-LHR,4,8,707.18,0,384,271555.99
2024-08-31,DXB-LHR,5,8,708.24,0,380,269131.22
2024-09-01,DXB-LHR,6,9,706.2,0,300,211859.98
2024-09-02,DXB-LHR,0,9,705.45,0,306,215869.07
2024-09-03,DXB-LHR,1,9,704.49,0,347,244459.52
2024-09-04,DXB-LHR,2,9,703.26,0,331,232779.91
2024-09-05,DXB-LHR,3,9,705.66,0,351,247684.91
2024-09-06,DXB-LHR,4,9,706.0,0,378,266869.05
2024-09-07,DXB-LHR,5,9,703.85,0,402,282946.81
2024-09-08,DXB-LHR,6,9,545.11,1,479,261107.41
2024-09-09,DXB-LHR,0,9,707.87,0,283,200326.85
2024-09-10,DXB-LHR,1,9,709.14,0,316,224088.88
2024-09-11,DXB-LHR,2,9,533.32,1,441,235194.74
2024-09-12,DXB-LHR,3,9,705.57,0,362,255417.86
2024-09-13,DXB-LHR,4,9,707.19,0,388,274388.78
2024-09-14,DXB-LHR,5,9,705.84,0,395,278804.94
2024-09-15,DXB-LHR,6,9,520.51,1,502,261293.78
2024-09-16,DXB-LHR,0,9,707.07,0,312,220605.84
2024-09-17,DXB-LHR,1,9,705.38,0,289,203854.09
2024-09-18,DXB-LHR,2,9,704.98,0,298,210084.73
2024-09-19,DXB-LHR,3,9,699.81,0,349,244233.98
2024-09-20,DXB-LHR,4,9,697.96,0,416,290351.77
2024-09-21,DXB-LHR,5,9,697.27,0,367,255896.33
2024-09-22,DXB-LHR,6,9,541.42,1,418,226311.5
2024-09-23,DXB-LHR,0,9,543.17,1,404,219442.02
2024-09-24,DXB-LHR,1,9,694.72,0,299,207722.56
2024-09-25,DXB-LHR,2,9,693.73,0,315,218525.84
2024-09-26,DXB-LHR,3,9,693.59,0,353,244838.67
2024-09-27,DXB-LHR,4,9,695.42,0,375,260781.51
2024-09-28,DXB-LHR,5,9,692.92,0,433,300035.04
2024-09-29,DXB-LHR,6,9,694.32,0,313,217322.41
2024-09-30,DXB-LHR,0,9,693.99,0,289,200562.3
2024-10-01,DXB-LHR,1,10,692.16,0,296,204880.11
2024-10-02,DXB-LHR,2,10,692.5,0,280,193899.96
2024-10-03,DXB-LHR,3,10,692.44,0,343,237506.66
2024-10-04,DXB-LHR,4,10,691.18,0,419,289602.88
2024-10-05,DXB-LHR,5,10,690.92,0,398,274984.22
2024-10-06,DXB-LHR,6,10,689.97,0,353,243558.67
2024-10-07,DXB-LHR,0,10,689.77,0,282,194513.92
2024-10-08,DXB-LHR,1,10,690.38,0,287,198139.94
2024-10-09,DXB-LHR,2,10,692.38,0,303,209792.07
2024-10-10,DXB-LHR,3,10,690.14,0,341,235339.14
2024-10-11,DXB-LHR,4,10,692.96,0,408,282726.96
2024-10-12,DXB-LHR,5,10,689.64,0,411,283442.67
2024-10-13,DXB-LHR,6,10,689.02,0,325,223932.19
2024-10-14,DXB-LHR,0,10,689.51,0,309,213058.53
2024-10-15,DXB-LHR,1,10,689.53,0,307,211686.75
2024-10-16,DXB-LHR,2,10,688.2,0,334,229858.26
2024-10-17,DXB-LHR,3,10,687.48,0,382,262618.22
2024-10-18,DXB-LHR,4,10,686.34,0,360,247080.89
2024-10-19,DXB-LHR,5,10,685.04,0,381,261000.94
2024-10-20,DXB-LHR,6,10,685.9,0,324,222232.69
2024-10-21,DXB-LHR,0,10,686.02,0,302,207178.99
2024-10-22,DXB-LHR,1,10,684.57,0,309,211530.62
2024-10-23,DXB-LHR,2,10,685.49,0,332,227583.69
2024-10-24,DXB-LHR,3,10,555.9,1,439,244041.38
2024-10-25,DXB-LHR,4,10,686.32,0,376,258057.02
2024-10-26,DXB-LHR,5,10,686.84,0,404,277481.92
2024-10-27,DXB-LHR,6,10,685.16,0,333,228158.39
2024-10-28,DXB-LHR,0,10,683.88,0,347,237308.02
2024-10-29,DXB-LHR,1,10,684.57,0,272,186202.43
2024-10-30,DXB-LHR,2,10,685.04,0,318,217843.58
2024-10-31,DXB-LHR,3,10,684.57,0,394,269719.84
2024-11-01,DXB-LHR,4,11,684.3,0,386,264139.15
2024-11-02,DXB-LHR,5,11,685.77,0,397,272249.28
2024-11-03,DXB-LHR,6,11,684.43,0,345,236127.74
2024-11-04,DXB-LHR,0,11,684.8,0,305,208862.64
2024-11-05,DXB-LHR,1,11,684.04,0,327,223679.91
2024-11-06,DXB-LHR,2,11,683.25,0,275,187894.21
2024-11-07,DXB-LHR,3,11,549.37,1,491,269742.24
2024-11-08,DXB-LHR,4,11,685.21,0,354,242565.89
2024-11-09,DXB-LHR,5,11,685.97,0,397,272329.82
2024-11-10,DXB-LHR,6,11,687.46,0,343,235798.76
2024-11-11,DXB-LHR,0,11,687.02,0,320,219846.91
2024-11-12,DXB-LHR,1,11,687.57,0,274,188394.85
2024-11-13,DXB-LHR,2,11,686.63,0,326,223842.27
2024-11-14,DXB-LHR,3,11,686.64,0,398,273283.73
2024-11-15,DXB-LHR,4,11,685.97,0,358,245576.81
2024-11-16,DXB-LHR,5,11,685.63,0,413,283166.66
2024-11-17,DXB-LHR,6,11,686.04,0,344,235998.98
2024-11-18,DXB-LHR,0,11,548.4,1,413,226489.42
2024-11-19,DXB-LHR,1,11,686.98,0,308,211590.84
2024-11-20,DXB-LHR,2,11,684.99,0,311,213030.49
2024-11-21,DXB-LHR,3,11,682.67,0,375,256002.58
2024-11-22,DXB-LHR,4,11,683.92,0,443,302975.74
2024-11-23,DXB-LHR,5,11,684.61,0,414,283429.04
2024-11-24,DXB-LHR,6,11,510.19,1,531,270912.77
2024-11-25,DXB-LHR,0,11,522.17,1,403,210436.51
2024-11-26,DXB-LHR,1,11,684.98,0,300,205493.24
2024-11-27,DXB-LHR,2,11,683.13,0,345,235679.87
2024-11-28,DXB-LHR,3,11,682.74,0,411,280606.37
2024-11-29,DXB-LHR,4,11,681.22,0,425,289518.48
2024-11-30,DXB-LHR,5,11,682.18,0,429,292653.57
2024-12-01,DXB-LHR,6,12,681.45,0,385,262357.29
2024-12-02,DXB-LHR,0,12,679.7,0,315,214105.39
2024-12-03,DXB-LHR,1,12,566.78,1,425,240879.52
2024-12-04,DXB-LHR,2,12,678.81,0,372,252518.53
2024-12-05,DXB-LHR,3,12,677.45,0,388,262852.01
2024-12-06,DXB-LHR,4,12,675.7,0,428,289201.68
2024-12-07,DXB-LHR,5,12,675.55,0,470,317510.18
2024-12-08,DXB-LHR,6,12,675.4,0,397,268134.94
2024-12-09,DXB-LHR,0,12,674.12,0,359,242010.16
2024-12-10,DXB-LHR,1,12,672.9,0,400,269158.3
2024-12-11,DXB-LHR,2,12,672.72,0,368,247561.66
2024-12-12,DXB-LHR,3,12,670.03,0,412,276050.98
2024-12-13,DXB-LHR,4,12,570.58,1,532,303546.77
2024-12-14,DXB-LHR,5,12,665.79,0,511,340217.73
2024-12-15,DXB-LHR,6,12,664.94,0,426,283265.07
2024-12-16,DXB-LHR,0,12,664.88,0,364,242016.44
2024-12-17,DXB-LHR,1,12,666.56,0,399,265959.38
2024-12-18,DXB-LHR,2,12,584.62,1,485,283541.6
2024-12-19,DXB-LHR,3,12,506.92,1,564,285905.32
2024-12-20,DXB-LHR,4,12,665.99,0,422,281048.49
2024-12-21,DXB-LHR,5,12,663.96,0,528,350568.61
2024-12-22,DXB-LHR,6,12,663.39,0,418,277299.08
2024-12-23,DXB-LHR,0,12,662.43,0,400,264971.26
2024-12-24,DXB-LHR,1,12,662.38,0,329,217922.26
2024-12-25,DXB-LHR,2,12,660.6,0,410,270846.66
2024-12-26,DXB-LHR,3,12,660.84,0,402,265659.57
2024-12-27,DXB-LHR,4,12,662.61,0,492,326002.77
2024-12-28,DXB-LHR,5,12,661.91,0,491,324996.32
2024-12-29,DXB-LHR,6,12,661.97,0,403,266774.64
2024-12-30,DXB-LHR,0,12,559.35,1,437,244436.16
2024-12-31,DXB-LHR,1,12,661.33,0,377,249320.74
2025-01-01,DXB-LHR,2,1,526.58,1,430,226429.83
2025-01-02,DXB-LHR,3,1,660.6,0,386,254993.32
2025-01-03,DXB-LHR,4,1,660.21,0,457,301716.43
2025-01-04,DXB-LHR,5,1,658.51,0,387,254843.82
2025-01-05,DXB-LHR,6,1,658.01,0,411,270441.01
2025-01-06,DXB-LHR,0,1,658.21,0,330,217210.44
2025-01-07,DXB-LHR,1,1,659.85,0,303,199934.27
2025-01-08,DXB-LHR,2,1,660.75,0,307,202849.23
2025-01-09,DXB-LHR,3,1,663.44,0,367,243480.66
2025-01-10,DXB-LHR,4,1,661.74,0,431,285211.0
2025-01-11,DXB-LHR,5,1,662.51,0,422,279578.93
2025-01-12,DXB-LHR,6,1,662.24,0,406,268870.52
2025-01-13,DXB-LHR,0,1,664.99,0,297,197500.76
2025-01-14,DXB-LHR,1,1,663.23,0,319,211570.89
2025-01-15,DXB-LHR,2,1,661.43,0,309,204382.03
2025-01-16,DXB-LHR,3,1,659.99,0,383,252776.17
2025-01-17,DXB-LHR,4,1,656.26,0,435,285474.35
2025-01-18,DXB-LHR,5,1,566.71,1,494,279953.12
2025-01-19,DXB-LHR,6,1,653.25,0,320,209041.14
2025-01-20,DXB-LHR,0,1,652.94,0,336,219387.36
2025-01-21,DXB-LHR,1,1,652.91,0,334,218072.24
2025-01-22,DXB-LHR,2,1,655.19,0,347,227349.26
2025-01-23,DXB-LHR,3,1,656.07,0,406,266364.92
2025-01-24,DXB-LHR,4,1,654.67,0,388,254010.68
2025-01-25,DXB-LHR,5,1,652.78,0,452,295056.72
2025-01-26,DXB-LHR,6,1,652.98,0,407,265762.86
2025-01-27,DXB-LHR,0,1,650.46,0,299,194488.12
2025-01-28,DXB-LHR,1,1,652.67,0,332,216687.09
2025-01-29,DXB-LHR,2,1,653.9,0,330,215788.51
2025-01-30,DXB-LHR,3,1,652.66,0,379,247360.0
2025-01-31,DXB-LHR,4,1,649.56,0,428,278011.67
2025-02-01,DXB-LHR,5,2,651.06,0,424,276047.85
2025-02-02,DXB-LHR,6,2,650.35,0,367,238678.7
2025-02-03,DXB-LHR,0,2,651.67,0,335,218310.93
2025-02-04,DXB-LHR,1,2,648.75,0,308,199815.19
2025-02-05,DXB-LHR,2,2,647.32,0,322,208437.12
2025-02-06,DXB-LHR,3,2,550.01,1,479,263453.0
2025-02-07,DXB-LHR,4,2,530.36,1,489,259346.29
2025-02-08,DXB-LHR,5,2,645.14,0,460,296762.14
2025-02-09,DXB-LHR,6,2,645.54,0,397,256280.13
2025-02-10,DXB-LHR,0,2,643.41,0,305,196241.27
2025-02-11,DXB-LHR,1,2,642.68,0,320,205656.02
2025-02-12,DXB-LHR,2,2,642.33,0,373,239589.56
2025-02-13,DXB-LHR,3,2,642.58,0,366,235184.21
2025-02-14,DXB-LHR,4,2,643.13,0,414,266253.88
2025-02-15,DXB-LHR,5,2,640.92,0,458,293540.29
2025-02-16,DXB-LHR,6,2,638.1,0,411,262257.9
2025-02-17,DXB-LHR,0,2,473.89,1,470,222728.44
2025-02-18,DXB-LHR,1,2,639.48,0,324,207190.6
2025-02-19,DXB-LHR,2,2,637.84,0,382,243654.5
2025-02-20,DXB-LHR,3,2,639.65,0,433,276969.19
2025-02-21,DXB-LHR,4,2,639.31,0,455,290887.26
2025-02-22,DXB-LHR,5,2,640.57,0,450,288256.73
2025-02-23,DXB-LHR,6,2,640.16,0,373,238780.5
2025-02-24,DXB-LHR,0,2,642.75,0,325,208892.22
2025-02-25,DXB-LHR,1,2,644.87,0,344,221835.92
2025-02-26,DXB-LHR,2,2,643.99,0,358,230549.7
2025-02-27,DXB-LHR,3,2,644.95,0,422,272167.95
2025-02-28,DXB-LHR,4,2,645.41,0,443,285918.55
2025-03-01,DXB-LHR,5,3,646.97,0,403,260727.91
2025-03-02,DXB-LHR,6,3,645.02,0,414,267039.16
2025-03-03,DXB-LHR,0,3,645.55,0,321,207223.15
2025-03-04,DXB-LHR,1,3,646.65,0,325,210160.68
2025-03-05,DXB-LHR,2,3,643.52,0,355,228448.75
2025-03-06,DXB-LHR,3,3,641.25,0,440,282150.92
2025-03-07,DXB-LHR,4,3,637.7,0,513,327142.42
2025-03-08,DXB-LHR,5,3,636.81,0,469,298665.62
2025-03-09,DXB-LHR,6,3,637.41,0,391,249225.46
2025-03-10,DXB-LHR,0,3,639.18,0,357,228185.86
2025-03-11,DXB-LHR,1,3,638.81,0,356,227415.14
2025-03-12,DXB-LHR,2,3,640.77,0,346,221706.75
2025-03-13,DXB-LHR,3,3,638.22,0,438,279542.28
2025-03-14,DXB-LHR,4,3,635.2,0,442,280756.22
2025-03-15,DXB-LHR,5,3,634.64,0,469,297646.02
2025-03-16,DXB-LHR,6,3,634.75,0,414,262784.83
2025-03-17,DXB-LHR,0,3,634.23,0,358,227054.11
2025-03-18,DXB-LHR,1,3,630.66,0,362,228299.98
2025-03-19,DXB-LHR,2,3,630.07,0,347,218633.01
2025-03-20,DXB-LHR,3,3,627.65,0,390,244783.13
2025-03-21,DXB-LHR,4,3,628.2,0,413,259444.68
2025-03-22,DXB-LHR,5,3,628.29,0,474,297809.22
2025-03-23,DXB-LHR,6,3,626.43,0,424,265604.78
2025-03-24,DXB-LHR,0,3,625.2,0,366,228824.94
2025-03-25,DXB-LHR,1,3,623.17,0,385,239919.53
2025-03-26,DXB-LHR,2,3,622.63,0,366,227881.79
2025-03-27,DXB-LHR,3,3,623.62,0,425,265037.39
2025-03-28,DXB-LHR,4,3,621.7,0,420,261113.26
2025-03-29,DXB-LHR,5,3,622.02,0,458,284883.5
2025-03-30,DXB-LHR,6,3,620.79,0,428,265696.3
2025-03-31,DXB-LHR,0,3,488.56,1,493,240859.68
2025-04-01,DXB-LHR,1,4,618.57,0,348,215263.59
2025-04-02,DXB-LHR,2,4,616.59,0,370,228139.63
2025-04-03,DXB-LHR,3,4,615.34,0,378,232598.09
2025-04-04,DXB-LHR,4,4,613.12,0,448,274678.03
2025-04-05,DXB-LHR,5,4,615.65,0,501,308440.2
2025-04-06,DXB-LHR,6,4,615.29,0,431,265188.39
2025-04-07,DXB-LHR,0,4,613.82,0,378,232025.43
2025-04-08,DXB-LHR,1,4,613.73,0,360,220944.6
2025-04-09,DXB-LHR,2,4,613.16,0,376,230548.01
2025-04-10,DXB-LHR,3,4,612.42,0,404,247419.39
2025-04-11,DXB-LHR,4,4,477.63,1,631,301386.67
2025-04-12,DXB-LHR,5,4,613.68,0,493,302545.73
2025-04-13,DXB-LHR,6,4,612.49,0,434,265821.75
2025-04-14,DXB-LHR,0,4,611.24,0,359,219434.13
2025-04-15,DXB-LHR,1,4,610.44,0,317,193508.22
2025-04-16,DXB-LHR,2,4,606.6,0,408,247491.89
2025-04-17,DXB-LHR,3,4,603.94,0,418,252448.09
2025-04-18,DXB-LHR,4,4,605.61,0,446,270103.91
2025-04-19,DXB-LHR,5,4,607.71,0,510,309930.0
2025-04-20,DXB-LHR,6,4,606.96,0,419,254316.18
2025-04-21,DXB-LHR,0,4,607.46,0,400,242982.21
2025-04-22,DXB-LHR,1,4,500.27,1,473,236628.83
2025-04-23,DXB-LHR,2,4,611.81,0,398,243501.31
2025-04-24,DXB-LHR,3,4,613.13,0,392,240347.96
2025-04-25,DXB-LHR,4,4,488.43,1,645,315039.74
2025-04-26,DXB-LHR,5,4,610.8,0,499,304788.83
2025-04-27,DXB-LHR,6,4,608.04,0,424,257809.25
2025-04-28,DXB-LHR,0,4,608.0,0,384,233472.17
2025-04-29,DXB-LHR,1,4,606.52,0,334,202579.0
2025-04-30,DXB-LHR,2,4,604.05,0,402,242828.96
2025-05-01,DXB-LHR,3,5,453.17,1,566,256493.12
2025-05-02,DXB-LHR,4,5,600.79,0,446,267953.99
2025-05-03,DXB-LHR,5,5,603.0,0,459,276775.47
2025-05-04,DXB-LHR,6,5,603.99,0,472,285085.62
2025-05-05,DXB-LHR,0,5,515.8,1,445,229529.4
2025-05-06,DXB-LHR,1,5,605.57,0,415,251309.69
2025-05-07,DXB-LHR,2,5,605.37,0,385,233066.82
2025-05-08,DXB-LHR,3,5,603.77,0,401,242110.54
2025-05-09,DXB-LHR,4,5,605.75,0,456,276220.09
2025-05-10,DXB-LHR,5,5,606.25,0,549,332832.41
2025-05-11,DXB-LHR,6,5,604.4,0,446,269561.48
2025-05-12,DXB-LHR,0,5,603.82,0,383,231262.26
2025-05-13,DXB-LHR,1,5,602.21,0,393,236670.01
2025-05-14,DXB-LHR,2,5,422.15,1,621,262156.99
2025-05-15,DXB-LHR,3,5,600.96,0,489,293868.87
2025-05-16,DXB-LHR,4,5,603.54,0,544,328327.8
2025-05-17,DXB-LHR,5,5,601.17,0,515,309602.84
2025-05-18,DXB-LHR,6,5,601.74,0,425,255741.02
2025-05-19,DXB-LHR,0,5,600.5,0,397,238398.54
2025-05-20,DXB-LHR,1,5,599.51,0,406,243399.36
2025-05-21,DXB-LHR,2,5,598.36,0,396,236949.61
2025-05-22,DXB-LHR,3,5,596.81,0,445,265578.65
2025-05-23,DXB-LHR,4,5,596.63,0,529,315615.71
2025-05-24,DXB-LHR,5,5,595.13,0,543,323157.2
2025-05-25,DXB-LHR,6,5,595.29,0,479,285146.3
2025-05-26,DXB-LHR,0,5,594.98,0,402,239181.97
2025-05-27,DXB-LHR,1,5,594.39,0,408,242509.51
2025-05-28,DXB-LHR,2,5,592.79,0,411,243638.02
2025-05-29,DXB-LHR,3,5,591.7,0,514,304134.15
2025-05-30,DXB-LHR,4,5,592.61,0,569,337195.37
2025-05-31,DXB-LHR,5,5,593.14,0,499,295978.21
2025-06-01,DXB-LHR,6,6,591.46,0,466,275620.98
2025-06-02,DXB-LHR,0,6,450.9,1,533,240330.29
2025-06-03,DXB-LHR,1,6,592.32,0,409,242258.81
2025-06-04,DXB-LHR,2,6,589.61,0,446,262967.48
2025-06-05,DXB-LHR,3,6,590.23,0,459,270915.51
2025-06-06,DXB-LHR,4,6,589.04,0,523,308068.87
2025-06-07,DXB-LHR,5,6,589.71,0,544,320801.04
2025-06-08,DXB-LHR,6,6,588.38,0,516,303602.65
2025-06-09,DXB-LHR,0,6,585.49,0,452,264640.79
2025-06-10,DXB-LHR,1,6,582.87,0,425,247719.74
2025-06-11,DXB-LHR,2,6,582.77,0,471,274484.3
2025-06-12,DXB-LHR,3,6,582.99,0,505,294410.04
2025-06-13,DXB-LHR,4,6,464.9,1,724,336589.2
2025-06-14,DXB-LHR,5,6,582.27,0,662,385460.92
2025-06-15,DXB-LHR,6,6,579.62,0,573,332121.84
2025-06-16,DXB-LHR,0,6,579.37,0,430,249128.58
2025-06-17,DXB-LHR,1,6,577.41,0,482,278309.32
2025-06-18,DXB-LHR,2,6,576.28,0,506,291600.11
2025-06-19,DXB-LHR,3,6,576.22,0,503,289837.44
2025-06-20,DXB-LHR,4,6,574.79,0,625,359245.63
2025-06-21,DXB-LHR,5,6,574.09,0,681,390952.97
2025-06-22,DXB-LHR,6,6,575.47,0,509,292914.66
2025-06-23,DXB-LHR,0,6,574.48,0,454,260816.06
2025-06-24,DXB-LHR,1,6,575.62,0,499,287235.31
2025-06-25,DXB-LHR,2,6,573.82,0,502,288055.3
2025-06-26,DXB-LHR,3,6,574.5,0,570,327466.42
2025-06-27,DXB-LHR,4,6,576.56,0,616,355162.02
2025-06-28,DXB-LHR,5,6,572.76,0,650,372291.12
2025-06-29,DXB-LHR,6,6,571.47,0,514,293733.51
2025-06-30,DXB-LHR,0,6,572.24,0,520,297565.72
2025-07-01,DXB-LHR,1,7,404.12,1,752,303901.52
2025-07-02,DXB-LHR,2,7,572.33,0,494,282729.88
2025-07-03,DXB-LHR,3,7,571.35,0,560,319953.37
2025-07-04,DXB-LHR,4,7,571.4,0,559,319414.41
2025-07-05,DXB-LHR,5,7,571.1,0,663,378640.79
2025-07-06,DXB-LHR,6,7,572.79,0,581,332791.53
2025-07-07,DXB-LHR,0,7,573.11,0,490,280825.89
2025-07-08,DXB-LHR,1,7,573.57,0,514,294813.15
2025-07-09,DXB-LHR,2,7,572.9,0,493,282439.26
2025-07-10,DXB-LHR,3,7,572.12,0,583,333547.51
2025-07-11,DXB-LHR,4,7,477.98,1,706,337454.3
2025-07-12,DXB-LHR,5,7,571.99,0,643,367788.9
2025-07-13,DXB-LHR,6,7,571.33,0,558,318799.89
2025-07-14,DXB-LHR,0,7,571.73,0,500,285866.81
2025-07-15,DXB-LHR,1,7,574.82,0,469,269592.55
2025-07-16,DXB-LHR,2,7,576.11,0,496,285752.0
2025-07-17,DXB-LHR,3,7,575.61,0,586,337307.69
2025-07-18,DXB-LHR,4,7,577.4,0,593,342400.12
2025-07-19,DXB-LHR,5,7,576.79,0,574,331075.55
2025-07-20,DXB-LHR,6,7,411.64,1,889,365946.93
2025-07-21,DXB-LHR,0,7,572.22,0,531,303849.88
2025-07-22,DXB-LHR,1,7,569.42,0,444,252824.65
2025-07-23,DXB-LHR,2,7,568.91,0,523,297540.57
2025-07-24,DXB-LHR,3,7,568.96,0,543,308943.63
2025-07-25,DXB-LHR,4,7,571.49,0,619,353754.94
2025-07-26,DXB-LHR,5,7,572.01,0,645,368947.59
2025-07-27,DXB-LHR,6,7,571.71,0,546,312156.26
2025-07-28,DXB-LHR,0,7,573.0,0,461,264150.7
2025-07-29,DXB-LHR,1,7,569.72,0,455,259222.12
2025-07-30,DXB-LHR,2,7,570.12,0,467,266244.88
2025-07-31,DXB-LHR,3,7,400.4,1,772,309105.42
2025-08-01,DXB-LHR,4,8,569.16,0,600,341495.83
2025-08-02,DXB-LHR,5,8,448.83,1,780,350090.45
2025-08-03,DXB-LHR,6,8,571.5,0,567,324043.24
2025-08-04,DXB-LHR,0,8,570.95,0,519,296322.78
2025-08-05,DXB-LHR,1,8,571.97,0,448,256242.89
2025-08-06,DXB-LHR,2,8,575.45,0,487,280245.76
2025-08-07,DXB-LHR,3,8,496.98,1,647,321547.61
2025-08-08,DXB-LHR,4,8,576.26,0,600,345758.94
2025-08-09,DXB-LHR,5,8,575.67,0,610,351156.13
2025-08-10,DXB-LHR,6,8,574.49,0,555,318839.39
2025-08-11,DXB-LHR,0,8,575.83,0,476,274094.94
2025-08-12,DXB-LHR,1,8,574.65,0,419,240777.85
2025-08-13,DXB-LHR,2,8,574.86,0,495,284557.6
2025-08-14,DXB-LHR,3,8,574.26,0,553,317565.47
2025-08-15,DXB-LHR,4,8,575.09,0,546,314001.55
2025-08-16,DXB-LHR,5,8,575.72,0,596,343126.63
2025-08-17,DXB-LHR,6,8,577.4,0,538,310639.82
2025-08-18,DXB-LHR,0,8,576.76,0,446,257235.89
2025-08-19,DXB-LHR,1,8,576.49,0,470,270950.93
2025-08-20,DXB-LHR,2,8,575.16,0,526,302535.02
2025-08-21,DXB-LHR,3,8,574.64,0,489,280997.98
2025-08-22,DXB-LHR,4,8,575.35,0,514,295730.46
2025-08-23,DXB-LHR,5,8,576.64,0,592,341369.73
2025-08-24,DXB-LHR,6,8,575.41,0,530,304967.63
2025-08-25,DXB-LHR,0,8,576.88,0,437,252094.45
2025-08-26,DXB-LHR,1,8,579.07,0,468,271006.19
2025-08-27,DXB-LHR,2,8,579.86,0,411,238323.26
2025-08-28,DXB-LHR,3,8,582.85,0,516,300750.68
2025-08-29,DXB-LHR,4,8,581.87,0,522,303734.45
2025-08-30,DXB-LHR,5,8,580.18,0,624,362033.14
2025-08-31,DXB-LHR,6,8,577.7,0,556,321200.66
2025-09-01,DXB-LHR,0,9,580.13,0,412,239014.85
2025-09-02,DXB-LHR,1,9,581.31,0,407,236592.73
2025-09-03,DXB-LHR,2,9,581.42,0,461,268036.46
2025-09-04,DXB-LHR,3,9,445.77,1,639,284845.08
2025-09-05,DXB-LHR,4,9,580.57,0,533,309441.24
2025-09-06,DXB-LHR,5,9,584.44,0,553,323197.98
2025-09-07,DXB-LHR,6,9,584.85,0,426,249147.71
2025-09-08,DXB-LHR,0,9,585.24,0,421,246384.84
2025-09-09,DXB-LHR,1,9,586.55,0,393,230513.83
2025-09-10,DXB-LHR,2,9,587.5,0,414,243224.25
2025-09-11,DXB-LHR,3,9,588.07,0,516,303441.86
2025-09-12,DXB-LHR,4,9,587.12,0,481,282402.58
2025-09-13,DXB-LHR,5,9,588.06,0,568,334019.49
2025-09-14,DXB-LHR,6,9,591.13,0,462,273101.72
2025-09-15,DXB-LHR,0,9,593.4,0,403,239138.26
2025-09-16,DXB-LHR,1,9,596.04,0,417,248547.32
2025-09-17,DXB-LHR,2,9,595.53,0,424,252502.89
2025-09-18,DXB-LHR,3,9,594.3,0,481,285858.79
2025-09-19,DXB-LHR,4,9,594.38,0,538,319774.31
2025-09-20,DXB-LHR,5,9,594.73,0,519,308663.44
2025-09-21,DXB-LHR,6,9,596.64,0,444,264908.19
2025-09-22,DXB-LHR,0,9,594.38,0,379,225268.81
2025-09-23,DXB-LHR,1,9,596.95,0,375,223856.42
2025-09-24,DXB-LHR,2,9,597.0,0,484,288946.36
2025-09-25,DXB-LHR,3,9,596.64,0,494,294741.79
2025-09-26,DXB-LHR,4,9,595.42,0,463,275677.6
2025-09-27,DXB-LHR,5,9,593.23,0,486,288308.96
2025-09-28,DXB-LHR,6,9,594.76,0,473,281322.18
2025-09-29,DXB-LHR,0,9,595.17,0,416,247592.23
2025-09-30,DXB-LHR,1,9,593.54,0,407,241572.64
2025-10-01,DXB-LHR,2,10,591.91,0,407,240908.01
2025-10-02,DXB-LHR,3,10,511.44,1,537,274642.43
2025-10-03,DXB-LHR,4,10,594.54,0,512,304405.35
2025-10-04,DXB-LHR,5,10,594.47,0,527,313287.24
2025-10-05,DXB-LHR,6,10,592.54,0,399,236424.45
2025-10-06,DXB-LHR,0,10,592.5,0,397,235223.18
2025-10-07,DXB-LHR,1,10,592.42,0,374,221566.6
2025-10-08,DXB-LHR,2,10,588.71,0,419,246671.06
2025-10-09,DXB-LHR,3,10,588.97,0,545,320989.1
2025-10-10,DXB-LHR,4,10,588.97,0,518,305084.63
2025-10-11,DXB-LHR,5,10,590.36,0,517,305214.21
2025-10-12,DXB-LHR,6,10,593.48,0,484,287243.71
2025-10-13,DXB-LHR,0,10,595.52,0,412,245354.66
2025-10-14,DXB-LHR,1,10,595.47,0,401,238784.89
2025-10-15,DXB-LHR,2,10,594.17,0,425,252523.52
2025-10-16,DXB-LHR,3,10,598.4,0,510,305181.78
2025-10-17,DXB-LHR,4,10,598.85,0,463,277267.75
2025-10-18,DXB-LHR,5,10,599.24,0,533,319395.23
2025-10-19,DXB-LHR,6,10,599.58,0,428,256618.93
2025-10-20,DXB-LHR,0,10,600.25,0,410,246102.46
2025-10-21,DXB-LHR,1,10,600.41,0,366,219750.94
2025-10-22,DXB-LHR,2,10,599.93,0,395,236974.0
2025-10-23,DXB-LHR,3,10,527.39,1,513,270551.34
2025-10-24,DXB-LHR,4,10,599.84,0,525,314915.38
2025-10-25,DXB-LHR,5,10,599.42,0,547,327880.24
2025-10-26,DXB-LHR,6,10,598.74,0,420,251471.22
2025-10-27,DXB-LHR,0,10,599.3,0,399,239120.13
2025-10-28,DXB-LHR,1,10,599.32,0,372,222945.95
2025-10-29,DXB-LHR,2,10,601.98,0,374,225139.41
2025-10-30,DXB-LHR,3,10,514.27,1,530,272561.41
2025-10-31,DXB-LHR,4,10,600.45,0,487,292421.48
2025-11-01,DXB-LHR,5,11,480.91,1,758,364529.84
2025-11-02,DXB-LHR,6,11,600.04,0,466,279619.8
2025-11-03,DXB-LHR,0,11,599.95,0,365,218980.7
2025-11-04,DXB-LHR,1,11,599.81,0,376,225529.12
2025-11-05,DXB-LHR,2,11,598.12,0,433,258987.93
2025-11-06,DXB-LHR,3,11,597.38,0,514,307055.87
2025-11-07,DXB-LHR,4,11,596.15,0,454,270651.64
2025-11-08,DXB-LHR,5,11,599.21,0,462,276835.03
2025-11-09,DXB-LHR,6,11,601.05,0,506,304130.72
2025-11-10,DXB-LHR,0,11,603.39,0,407,245581.43
2025-11-11,DXB-LHR,1,11,604.92,0,368,222609.57
2025-11-12,DXB-LHR,2,11,603.67,0,420,253540.13
2025-11-13,DXB-LHR,3,11,603.33,0,383,231073.87
2025-11-14,DXB-LHR,4,11,604.51,0,498,301045.21
2025-11-15,DXB-LHR,5,11,603.13,0,532,320863.12
2025-11-16,DXB-LHR,6,11,432.69,1,696,301153.56
2025-11-17,DXB-LHR,0,11,604.74,0,376,227383.88
2025-11-18,DXB-LHR,1,11,604.64,0,395,238832.95
2025-11-19,DXB-LHR,2,11,606.17,0,388,235192.98
2025-11-20,DXB-LHR,3,11,607.3,0,466,283000.34
2025-11-21,DXB-LHR,4,11,607.22,0,477,289644.29
2025-11-22,DXB-LHR,5,11,609.43,0,513,312636.24
2025-11-23,DXB-LHR,6,11,608.28,0,436,265208.18
2025-11-24,DXB-LHR,0,11,609.67,0,422,257281.44
2025-11-25,DXB-LHR,1,11,611.04,0,419,256023.93
2025-11-26,DXB-LHR,2,11,611.05,0,412,251751.68
2025-11-27,DXB-LHR,3,11,612.02,0,470,287647.32
2025-11-28,DXB-LHR,4,11,610.62,0,473,288823.07
2025-11-29,DXB-LHR,5,11,612.49,0,532,325843.83
2025-11-30,DXB-LHR,6,11,612.7,0,475,291030.53
2025-12-01,DXB-LHR,0,12,612.4,0,486,297625.7
2025-12-02,DXB-LHR,1,12,614.46,0,385,236567.42
2025-12-03,DXB-LHR,2,12,613.89,0,472,289758.43
2025-12-04,DXB-LHR,3,12,612.27,0,519,317770.66
2025-12-05,DXB-LHR,4,12,610.43,0,551,336349.34
2025-12-06,DXB-LHR,5,12,611.84,0,627,383623.46
2025-12-07,DXB-LHR,6,12,610.42,0,512,312533.53
2025-12-08,DXB-LHR,0,12,613.55,0,450,276097.08
2025-12-09,DXB-LHR,1,12,610.93,0,434,265142.62
2025-12-10,DXB-LHR,2,12,613.98,0,488,299620.1
2025-12-11,DXB-LHR,3,12,614.8,0,544,334449.57
2025-12-12,DXB-LHR,4,12,615.16,0,541,332800.71
2025-12-13,DXB-LHR,5,12,614.85,0,543,333863.08
2025-12-14,DXB-LHR,6,12,615.96,0,511,314754.26
2025-12-15,DXB-LHR,0,12,451.19,1,610,275226.8
2025-12-16,DXB-LHR,1,12,618.58,0,443,274030.81
2025-12-17,DXB-LHR,2,12,619.27,0,500,309632.54
2025-12-18,DXB-LHR,3,12,620.01,0,507,314343.04
2025-12-19,DXB-LHR,4,12,619.98,0,570,353387.12
2025-12-20,DXB-LHR,5,12,620.41,0,599,371625.68
2025-12-21,DXB-LHR,6,12,621.39,0,548,340522.43
2025-12-22,DXB-LHR,0,12,619.35,0,397,245880.67
2025-12-23,DXB-LHR,1,12,617.85,0,433,267527.5
2025-12-24,DXB-LHR,2,12,619.48,0,473,293016.15
2025-12-25,DXB-LHR,3,12,620.27,0,558,346107.89
2025-12-26,DXB-LHR,4,12,620.51,0,551,341903.47
2025-12-27,DXB-LHR,5,12,621.07,0,524,325439.94
2025-12-28,DXB-LHR,6,12,622.12,0,533,331588.62
2025-12-29,DXB-LHR,0,12,621.84,0,431,268011.48
2025-12-30,DXB-LHR,1,12,621.2,0,406,252206.56
2024-01-01,DXB-SYD,0,1,1149.33,0,147,168951.06
2024-01-02,DXB-SYD,1,1,1150.64,0,147,169143.59
2024-01-03,DXB-SYD,2,1,1152.49,0,169,194771.39
2024-01-04,DXB-SYD,3,1,1154.73,0,191,220553.73
2024-01-05,DXB-SYD,4,1,1154.95,0,212,244849.02
2024-01-06,DXB-SYD,5,1,1156.33,0,211,243985.97
2024-01-07,DXB-SYD,6,1,1158.73,0,216,250286.26
2024-01-08,DXB-SYD,0,1,1161.44,0,161,186991.52
2024-01-09,DXB-SYD,1,1,1162.31,0,158,183644.38
2024-01-10,DXB-SYD,2,1,1162.93,0,159,184905.99
2024-01-11,DXB-SYD,3,1,1164.17,0,188,218864.48
2024-01-12,DXB-SYD,4,1,1163.4,0,212,246641.41
2024-01-13,DXB-SYD,5,1,1164.07,0,229,266571.21
2024-01-14,DXB-SYD,6,1,1166.14,0,169,197077.05
2024-01-15,DXB-SYD,0,1,1168.05,0,160,186888.26
2024-01-16,DXB-SYD,1,1,1168.6,0,163,190481.4
2024-01-17,DXB-SYD,2,1,1169.87,0,172,201218.41
2024-01-18,DXB-SYD,3,1,1169.59,0,186,217543.14
2024-01-19,DXB-SYD,4,1,1171.59,0,209,244862.35
2024-01-20,DXB-SYD,5,1,860.58,1,301,259033.21
2024-01-21,DXB-SYD,6,1,1172.95,0,202,236936.34
2024-01-22,DXB-SYD,0,1,1173.35,0,172,201816.89
2024-01-23,DXB-SYD,1,1,1174.2,0,146,171433.58
2024-01-24,DXB-SYD,2,1,1174.47,0,155,182043.21
2024-01-25,DXB-SYD,3,1,1176.4,0,173,203517.13
2024-01-26,DXB-SYD,4,1,1176.75,0,210,247116.47
2024-01-27,DXB-SYD,5,1,1180.07,0,194,228933.83
2024-01-28,DXB-SYD,6,1,1183.2,0,179,211793.55
2024-01-29,DXB-SYD,0,1,1182.8,0,165,195162.02
2024-01-30,DXB-SYD,1,1,1183.84,0,156,184678.43
2024-01-31,DXB-SYD,2,1,1183.79,0,166,196509.08
2024-02-01,DXB-SYD,3,2,1184.23,0,171,202502.86
2024-02-02,DXB-SYD,4,2,1188.16,0,207,245948.37
2024-02-03,DXB-SYD,5,2,1188.62,0,201,238912.3
2024-02-04,DXB-SYD,6,2,1190.08,0,178,211834.24
2024-02-05,DXB-SYD,0,2,1191.81,0,161,191881.56
2024-02-06,DXB-SYD,1,2,937.86,1,214,200701.42
2024-02-07,DXB-SYD,2,2,1190.86,0,163,194109.92
2024-02-08,DXB-SYD,3,2,1189.96,0,174,207053.26
2024-02-09,DXB-SYD,4,2,1189.54,0,196,233150.19
2024-02-10,DXB-SYD,5,2,961.62,1,275,264446.09
2024-02-11,DXB-SYD,6,2,1187.89,0,168,199566.32
2024-02-12,DXB-SYD,0,2,1191.88,0,155,184741.03
2024-02-13,DXB-SYD,1,2,1193.0,0,159,189686.71
2024-02-14,DXB-SYD,2,2,1191.77,0,150,178765.48
2024-02-15,DXB-SYD,3,2,1191.7,0,195,232381.28
2024-02-16,DXB-SYD,4,2,1191.9,0,215,256258.68
2024-02-17,DXB-SYD,5,2,1191.26,0,193,229913.51
2024-02-18,DXB-SYD,6,2,1193.44,0,197,235106.94
2024-02-19,DXB-SYD,0,2,1195.53,0,158,188894.17
2024-02-20,DXB-SYD,1,2,1194.68,0,160,191148.4
2024-02-21,DXB-SYD,2,2,1196.64,0,157,187872.46
2024-02-22,DXB-SYD,3,2,1199.8,0,191,229162.08
2024-02-23,DXB-SYD,4,2,1203.52,0,202,243111.73
2024-02-24,DXB-SYD,5,2,1208.69,0,195,235693.74
2024-02-25,DXB-SYD,6,2,1208.19,0,167,201768.41
2024-02-26,DXB-SYD,0,2,997.51,1,184,183541.64
2024-02-27,DXB-SYD,1,2,1213.61,0,155,188109.67
2024-02-28,DXB-SYD,2,2,1213.57,0,165,200239.46
2024-02-29,DXB-SYD,3,2,1038.58,1,227,235758.36
2024-03-01,DXB-SYD,4,3,1214.88,0,194,235686.65
2024-03-02,DXB-SYD,5,3,1216.32,0,189,229883.96
2024-03-03,DXB-SYD,6,3,1215.17,0,171,207794.47
2024-03-04,DXB-SYD,0,3,1215.65,0,167,203012.8
2024-03-05,DXB-SYD,1,3,1218.4,0,148,180323.37
2024-03-06,DXB-SYD,2,3,1219.14,0,160,195062.2
2024-03-07,DXB-SYD,3,3,906.71,1,244,221236.73
2024-03-08,DXB-SYD,4,3,1221.7,0,198,241896.2
2024-03-09,DXB-SYD,5,3,1224.26,0,196,239955.88
2024-03-10,DXB-SYD,6,3,1222.59,0,188,229846.59
2024-03-11,DXB-SYD,0,3,1224.27,0,162,198331.26
2024-03-12,DXB-SYD,1,3,1224.66,0,147,180025.39
2024-03-13,DXB-SYD,2,3,1225.71,0,157,192435.79
2024-03-14,DXB-SYD,3,3,1228.08,0,170,208774.32
2024-03-15,DXB-SYD,4,3,1227.08,0,177,217192.64
2024-03-16,DXB-SYD,5,3,1226.34,0,192,235456.82
2024-03-17,DXB-SYD,6,3,1224.21,0,179,219133.46
2024-03-18,DXB-SYD,0,3,1224.16,0,158,193416.59
2024-03-19,DXB-SYD,1,3,1226.92,0,153,187718.24
2024-03-20,DXB-SYD,2,3,1227.5,0,155,190261.92
2024-03-21,DXB-SYD,3,3,861.42,1,296,254980.17
2024-03-22,DXB-SYD,4,3,1226.26,0,195,239121.44
2024-03-23,DXB-SYD,5,3,1224.78,0,211,258428.09
2024-03-24,DXB-SYD,6,3,1223.83,0,159,194589.06
2024-03-25,DXB-SYD,0,3,1225.15,0,119,145792.77
2024-03-26,DXB-SYD,1,3,1055.15,1,188,198368.8
2024-03-27,DXB-SYD,2,3,1226.51,0,145,177844.39
2024-03-28,DXB-SYD,3,3,1227.13,0,175,214747.1
2024-03-29,DXB-SYD,4,3,1227.97,0,191,234542.15
2024-03-30,DXB-SYD,5,3,1228.26,0,222,272673.96
2024-03-31,DXB-SYD,6,3,1230.12,0,181,222652.5
2024-04-01,DXB-SYD,0,4,1232.0,0,156,192191.61
2024-04-02,DXB-SYD,1,4,1233.19,0,159,196077.7
2024-04-03,DXB-SYD,2,4,1047.67,1,200,209533.43
2024-04-04,DXB-SYD,3,4,1235.09,0,172,212435.72
2024-04-05,DXB-SYD,4,4,1236.58,0,205,253499.09
2024-04-06,DXB-SYD,5,4,1236.74,0,188,232507.99
2024-04-07,DXB-SYD,6,4,1237.41,0,180,222734.3
2024-04-08,DXB-SYD,0,4,1237.66,0,140,173272.38
2024-04-09,DXB-SYD,1,4,1237.63,0,153,189356.97
2024-04-10,DXB-SYD,2,4,1237.24,0,160,197958.55
2024-04-11,DXB-SYD,3,4,1238.58,0,194,240285.27
2024-04-12,DXB-SYD,4,4,1241.19,0,175,217207.42
2024-04-13,DXB-SYD,5,4,1243.57,0,194,241252.85
2024-04-14,DXB-SYD,6,4,1242.31,0,185,229827.35
2024-04-15,DXB-SYD,0,4,1244.86,0,158,196688.06
2024-04-16,DXB-SYD,1,4,1245.0,0,153,190484.25
2024-04-17,DXB-SYD,2,4,1246.5,0,149,185728.69
2024-04-18,DXB-SYD,3,4,941.95,1,245,230778.68
2024-04-19,DXB-SYD,4,4,1092.21,1,247,269776.38
2024-04-20,DXB-SYD,5,4,1247.6,0,201,250768.24
2024-04-21,DXB-SYD,6,4,1245.96,0,181,225518.07
2024-04-22,DXB-SYD,0,4,1247.44,0,154,192106.09
2024-04-23,DXB-SYD,1,4,1250.03,0,141,176253.98
2024-04-24,DXB-SYD,2,4,1250.33,0,168,210054.92
2024-04-25,DXB-SYD,3,4,1252.92,0,182,228031.69
2024-04-26,DXB-SYD,4,4,1032.97,1,284,293363.99
2024-04-27,DXB-SYD,5,4,1255.0,0,190,238449.99
2024-04-28,DXB-SYD,6,4,1252.21,0,187,234162.63
2024-04-29,DXB-SYD,0,4,1256.36,0,143,179659.85
2024-04-30,DXB-SYD,1,4,1259.13,0,154,193905.54
2024-05-01,DXB-SYD,2,5,1259.21,0,168,211548.02
2024-05-02,DXB-SYD,3,5,1256.76,0,156,196055.17
2024-05-03,DXB-SYD,4,5,1257.7,0,193,242735.49
2024-05-04,DXB-SYD,5,5,1256.03,0,198,248692.95
2024-05-05,DXB-SYD,6,5,1257.18,0,172,216234.87
2024-05-06,DXB-SYD,0,5,1258.28,0,161,202582.62
2024-05-07,DXB-SYD,1,5,1257.34,0,165,207460.83
2024-05-08,DXB-SYD,2,5,1259.49,0,160,201517.8
2024-05-09,DXB-SYD,3,5,1261.15,0,183,230791.19
2024-05-10,DXB-SYD,4,5,1263.07,0,199,251350.96
2024-05-11,DXB-SYD,5,5,1263.53,0,207,261550.46
2024-05-12,DXB-SYD,6,5,1261.84,0,170,214513.44
2024-05-13,DXB-SYD,0,5,1263.74,0,170,214836.09
2024-05-14,DXB-SYD,1,5,1263.76,0,159,200937.86
2024-05-15,DXB-SYD,2,5,1262.09,0,168,212031.5
2024-05-16,DXB-SYD,3,5,1264.53,0,175,221292.73
2024-05-17,DXB-SYD,4,5,1268.08,0,195,247275.87
2024-05-18,DXB-SYD,5,5,1268.41,0,208,263830.24
2024-05-19,DXB-SYD,6,5,1272.04,0,167,212430.87
2024-05-20,DXB-SYD,0,5,1272.56,0,145,184521.0
2024-05-21,DXB-SYD,1,5,1272.36,0,153,194671.24
2024-05-22,DXB-SYD,2,5,1271.78,0,172,218746.36
2024-05-23,DXB-SYD,3,5,1274.6,0,179,228152.54
2024-05-24,DXB-SYD,4,5,1273.78,0,192,244564.98
2024-05-25,DXB-SYD,5,5,1275.22,0,203,258870.15
2024-05-26,DXB-SYD,6,5,1274.72,0,183,233273.71
2024-05-27,DXB-SYD,0,5,1274.36,0,162,206445.97
2024-05-28,DXB-SYD,1,5,1276.22,0,183,233549.04
2024-05-29,DXB-SYD,2,5,1275.97,0,180,229674.19
2024-05-30,DXB-SYD,3,5,1275.67,0,202,257684.64
2024-05-31,DXB-SYD,4,5,1277.66,0,223,284919.1
2024-06-01,DXB-SYD,5,6,1280.35,0,205,262471.96
2024-06-02,DXB-SYD,6,6,1281.6,0,177,226843.41
2024-06-03,DXB-SYD,0,6,1280.89,0,157,201100.45
2024-06-04,DXB-SYD,1,6,1280.4,0,178,227910.59
2024-06-05,DXB-SYD,2,6,1109.57,1,202,224133.45
2024-06-06,DXB-SYD,3,6,967.32,1,258,249568.14
2024-06-07,DXB-SYD,4,6,1280.27,0,208,266296.89
2024-06-08,DXB-SYD,5,6,1281.6,0,220,281950.93
2024-06-09,DXB-SYD,6,6,1281.95,0,199,255108.59
2024-06-10,DXB-SYD,0,6,1279.6,0,175,223930.12
2024-06-11,DXB-SYD,1,6,1278.42,0,161,205825.79
2024-06-12,DXB-SYD,2,6,1277.87,0,185,236406.11
2024-06-13,DXB-SYD,3,6,1277.96,0,192,245368.27
2024-06-14,DXB-SYD,4,6,1280.98,0,216,276692.55
2024-06-15,DXB-SYD,5,6,1281.52,0,238,305002.67
2024-06-16,DXB-SYD,6,6,1280.44,0,193,247124.41
2024-06-17,DXB-SYD,0,6,1280.94,0,170,217758.97
2024-06-18,DXB-SYD,1,6,1280.57,0,179,229221.3
2024-06-19,DXB-SYD,2,6,1281.2,0,172,220367.11
2024-06-20,DXB-SYD,3,6,1282.22,0,198,253879.19
2024-06-21,DXB-SYD,4,6,1284.17,0,229,294074.31
2024-06-22,DXB-SYD,5,6,1284.26,0,261,335191.39
2024-06-23,DXB-SYD,6,6,1028.33,1,281,288961.37
2024-06-24,DXB-SYD,0,6,1288.31,0,183,235760.66
2024-06-25,DXB-SYD,1,6,1287.35,0,180,231723.37
2024-06-26,DXB-SYD,2,6,1290.76,0,170,219429.62
2024-06-27,DXB-SYD,3,6,1291.34,0,205,264724.84
2024-06-28,DXB-SYD,4,6,1290.17,0,223,287707.4
2024-06-29,DXB-SYD,5,6,1292.72,0,238,307667.09
2024-06-30,DXB-SYD,6,6,1295.9,0,205,265659.36
2024-07-01,DXB-SYD,0,7,1295.91,0,183,237150.73
2024-07-02,DXB-SYD,1,7,1295.2,0,172,222774.06
2024-07-03,DXB-SYD,2,7,1294.98,0,184,238276.2
2024-07-04,DXB-SYD,3,7,1296.08,0,189,244959.75
2024-07-05,DXB-SYD,4,7,1298.02,0,219,284267.26
2024-07-06,DXB-SYD,5,7,1298.9,0,253,328620.61
2024-07-07,DXB-SYD,6,7,1299.06,0,208,270203.7
2024-07-08,DXB-SYD,0,7,1301.3,0,178,231631.97
2024-07-09,DXB-SYD,1,7,1300.83,0,195,253661.06
2024-07-10,DXB-SYD,2,7,944.94,1,254,240014.45
2024-07-11,DXB-SYD,3,7,1301.9,0,190,247361.04
2024-07-12,DXB-SYD,4,7,1302.51,0,246,320418.64
2024-07-13,DXB-SYD,5,7,1302.3,0,233,303436.95
2024-07-14,DXB-SYD,6,7,1302.17,0,200,260434.56
2024-07-15,DXB-SYD,0,7,1301.55,0,165,214755.88
2024-07-16,DXB-SYD,1,7,1303.5,0,178,232023.75
2024-07-17,DXB-SYD,2,7,1302.33,0,187,243536.27
2024-07-18,DXB-SYD,3,7,1025.74,1,258,264640.28
2024-07-19,DXB-SYD,4,7,1304.24,0,219,285627.8
2024-07-20,DXB-SYD,5,7,1122.66,1,274,307608.99
2024-07-21,DXB-SYD,6,7,1301.93,0,205,266894.89
2024-07-22,DXB-SYD,0,7,1300.97,0,165,214659.52
2024-07-23,DXB-SYD,1,7,1298.13,0,186,241452.05
2024-07-24,DXB-SYD,2,7,1296.58,0,190,246349.41
2024-07-25,DXB-SYD,3,7,1291.73,0,198,255763.08
2024-07-26,DXB-SYD,4,7,1291.38,0,218,281521.71
2024-07-27,DXB-SYD,5,7,1289.52,0,229,295300.07
2024-07-28,DXB-SYD,6,7,1289.45,0,192,247574.55
2024-07-29,DXB-SYD,0,7,1286.85,0,172,221337.55
2024-07-30,DXB-SYD,1,7,1286.8,0,169,217468.5
2024-07-31,DXB-SYD,2,7,1285.99,0,197,253340.2
2024-08-01,DXB-SYD,3,8,1288.05,0,211,271779.26
2024-08-02,DXB-SYD,4,8,1289.97,0,230,296693.6
2024-08-03,DXB-SYD,5,8,1290.94,0,231,298208.09
2024-08-04,DXB-SYD,6,8,1105.82,1,225,248809.25
2024-08-05,DXB-SYD,0,8,1293.0,0,172,222395.45
2024-08-06,DXB-SYD,1,8,1290.44,0,178,229697.94
2024-08-07,DXB-SYD,2,8,1288.1,0,162,208671.46
2024-08-08,DXB-SYD,3,8,1064.57,1,260,276787.91
2024-08-09,DXB-SYD,4,8,1290.85,0,243,313677.37
2024-08-10,DXB-SYD,5,8,1290.29,0,236,304508.34
2024-08-11,DXB-SYD,6,8,1289.75,0,210,270846.82
2024-08-12,DXB-SYD,0,8,1287.31,0,172,221417.03
2024-08-13,DXB-SYD,1,8,1288.44,0,175,225477.69
2024-08-14,DXB-SYD,2,8,1289.58,0,164,211491.59
2024-08-15,DXB-SYD,3,8,1290.47,0,200,258093.61
2024-08-16,DXB-SYD,4,8,1289.22,0,217,279760.34
2024-08-17,DXB-SYD,5,8,1287.84,0,221,284613.64
2024-08-18,DXB-SYD,6,8,1285.58,0,205,263544.66
2024-08-19,DXB-SYD,0,8,1285.38,0,161,206946.32
2024-08-20,DXB-SYD,1,8,1283.42,0,160,205347.86
2024-08-21,DXB-SYD,2,8,1281.31,0,170,217823.45
2024-08-22,DXB-SYD,3,8,1018.32,1,238,242359.06
2024-08-23,DXB-SYD,4,8,1279.24,0,209,267360.24
2024-08-24,DXB-SYD,5,8,1072.92,1,242,259647.71
2024-08-25,DXB-SYD,6,8,1278.39,0,199,254399.46
2024-08-26,DXB-SYD,0,8,1278.13,0,164,209612.87
2024-08-27,DXB-SYD,1,8,1277.31,0,155,197982.6
2024-08-28,DXB-SYD,2,8,1277.19,0,158,201795.46
2024-08-29,DXB-SYD,3,8,1275.3,0,183,233379.3
2024-08-30,DXB-SYD,4,8,1275.04,0,211,269034.49
2024-08-31,DXB-SYD,5,8,893.96,1,346,309311.87
2024-09-01,DXB-SYD,6,9,1272.18,0,177,225175.05
2024-09-02,DXB-SYD,0,9,1273.24,0,153,194805.38
2024-09-03,DXB-SYD,1,9,1271.48,0,164,208522.28
2024-09-04,DXB-SYD,2,9,1271.17,0,157,199573.27
2024-09-05,DXB-SYD,3,9,1272.46,0,184,234132.92
2024-09-06,DXB-SYD,4,9,1273.39,0,201,255951.5
2024-09-07,DXB-SYD,5,9,1272.98,0,212,269870.82
2024-09-08,DXB-SYD,6,9,1271.96,0,191,242944.05
2024-09-09,DXB-SYD,0,9,1272.9,0,147,187116.2
2024-09-10,DXB-SYD,1,9,1273.42,0,137,174459.1
2024-09-11,DXB-SYD,2,9,1272.0,0,157,199704.38
2024-09-12,DXB-SYD,3,9,1270.31,0,201,255332.14
2024-09-13,DXB-SYD,4,9,1266.69,0,223,282472.52
2024-09-14,DXB-SYD,5,9,1266.41,0,230,291274.18
2024-09-15,DXB-SYD,6,9,1265.76,0,179,226571.79
2024-09-16,DXB-SYD,0,9,1266.94,0,141,178638.63
2024-09-17,DXB-SYD,1,9,1266.94,0,133,168503.64
2024-09-18,DXB-SYD,2,9,1268.4,0,155,196602.75
2024-09-19,DXB-SYD,3,9,1015.29,1,237,240624.76
2024-09-20,DXB-SYD,4,9,1267.96,0,212,268808.38
2024-09-21,DXB-SYD,5,9,1266.61,0,216,273587.75
2024-09-22,DXB-SYD,6,9,1267.21,0,182,230632.07
2024-09-23,DXB-SYD,0,9,1264.45,0,149,188402.66
2024-09-24,DXB-SYD,1,9,1264.22,0,145,183311.91
2024-09-25,DXB-SYD,2,9,1260.66,0,163,205487.05
2024-09-26,DXB-SYD,3,9,1259.66,0,187,235557.06
2024-09-27,DXB-SYD,4,9,1259.73,0,201,253204.73
2024-09-28,DXB-SYD,5,9,1258.34,0,193,242859.33
2024-09-29,DXB-SYD,6,9,1256.15,0,187,234900.34
2024-09-30,DXB-SYD,0,9,1256.8,0,162,203602.14
2024-10-01,DXB-SYD,1,10,1256.02,0,144,180867.55
2024-10-02,DXB-SYD,2,10,1254.66,0,154,193217.76
2024-10-03,DXB-SYD,3,10,1254.09,0,187,234514.47
2024-10-04,DXB-SYD,4,10,1257.4,0,194,243935.91
2024-10-05,DXB-SYD,5,10,1258.48,0,224,281900.52
2024-10-06,DXB-SYD,6,10,1259.58,0,184,231761.81
2024-10-07,DXB-SYD,0,10,1259.57,0,152,191454.53
2024-10-08,DXB-SYD,1,10,1259.15,0,153,192650.59
2024-10-09,DXB-SYD,2,10,904.01,1,247,223289.75
2024-10-10,DXB-SYD,3,10,1253.19,0,172,215549.49
2024-10-11,DXB-SYD,4,10,1251.79,0,186,232833.31
2024-10-12,DXB-SYD,5,10,1248.29,0,215,268382.81
2024-10-13,DXB-SYD,6,10,1245.86,0,190,236713.97
2024-10-14,DXB-SYD,0,10,1242.19,0,165,204961.88
2024-10-15,DXB-SYD,1,10,1241.43,0,170,211043.4
2024-10-16,DXB-SYD,2,10,1241.95,0,157,194986.24
2024-10-17,DXB-SYD,3,10,1242.9,0,200,248579.2
2024-10-18,DXB-SYD,4,10,1242.8,0,188,233646.06
2024-10-19,DXB-SYD,5,10,1240.63,0,195,241922.43
2024-10-20,DXB-SYD,6,10,1237.0,0,163,201630.89
2024-10-21,DXB-SYD,0,10,960.47,1,216,207462.09
2024-10-22,DXB-SYD,1,10,1230.98,0,153,188340.59
2024-10-23,DXB-SYD,2,10,1228.91,0,170,208913.9
2024-10-24,DXB-SYD,3,10,1227.91,0,187,229620.09
2024-10-25,DXB-SYD,4,10,1225.64,0,188,230419.95
2024-10-26,DXB-SYD,5,10,1225.39,0,206,252429.51
2024-10-27,DXB-SYD,6,10,1224.27,0,181,221593.27
2024-10-28,DXB-SYD,0,10,1223.52,0,145,177410.09
2024-10-29,DXB-SYD,1,10,1224.45,0,149,182443.55
2024-10-30,DXB-SYD,2,10,1221.9,0,158,193060.75
2024-10-31,DXB-SYD,3,10,1221.75,0,202,246792.97
2024-11-01,DXB-SYD,4,11,1220.94,0,206,251513.17
2024-11-02,DXB-SYD,5,11,1219.64,0,221,269541.38
2024-11-03,DXB-SYD,6,11,1220.17,0,169,206209.48
2024-11-04,DXB-SYD,0,11,1220.69,0,175,213620.91
2024-11-05,DXB-SYD,1,11,1218.46,0,172,209575.93
2024-11-06,DXB-SYD,2,11,1217.38,0,147,178954.97
2024-11-07,DXB-SYD,3,11,1216.99,0,179,217840.79
2024-11-08,DXB-SYD,4,11,1215.76,0,212,257740.91
2024-11-09,DXB-SYD,5,11,1215.81,0,223,271126.37
2024-11-10,DXB-SYD,6,11,888.94,1,271,240902.1
2024-11-11,DXB-SYD,0,11,1217.33,0,162,197206.71
2024-11-12,DXB-SYD,1,11,1214.19,0,156,189414.37
2024-11-13,DXB-SYD,2,11,1213.17,0,170,206239.23
2024-11-14,DXB-SYD,3,11,1210.97,0,204,247037.11
2024-11-15,DXB-SYD,4,11,1211.03,0,199,240994.1
2024-11-16,DXB-SYD,5,11,956.16,1,314,300235.33
2024-11-17,DXB-SYD,6,11,1207.41,0,183,220956.91
2024-11-18,DXB-SYD,0,11,1205.61,0,160,192897.93
2024-11-19,DXB-SYD,1,11,1203.65,0,174,209435.03
2024-11-20,DXB-SYD,2,11,1200.62,0,184,220913.2
2024-11-21,DXB-SYD,3,11,1199.05,0,206,247004.19
2024-11-22,DXB-SYD,4,11,1199.8,0,198,237561.35
2024-11-23,DXB-SYD,5,11,1198.89,0,219,262557.4
2024-11-24,DXB-SYD,6,11,1198.96,0,208,249382.81
2024-11-25,DXB-SYD,0,11,1200.57,0,175,210100.03
2024-11-26,DXB-SYD,1,11,1200.08,0,161,193213.36
2024-11-27,DXB-SYD,2,11,1198.36,0,185,221696.13
2024-11-28,DXB-SYD,3,11,1198.17,0,194,232444.61
2024-11-29,DXB-SYD,4,11,1196.46,0,248,296721.69
2024-11-30,DXB-SYD,5,11,1194.81,0,257,307065.07
2024-12-01,DXB-SYD,6,12,1191.63,0,216,257391.43
2024-12-02,DXB-SYD,0,12,1034.68,1,239,247288.06
2024-12-03,DXB-SYD,1,12,1190.63,0,182,216694.93
2024-12-04,DXB-SYD,2,12,1190.0,0,199,236809.54
2024-12-05,DXB-SYD,3,12,1187.53,0,234,277883.03
2024-12-06,DXB-SYD,4,12,1187.28,0,240,284946.31
2024-12-07,DXB-SYD,5,12,1185.22,0,245,290378.66
2024-12-08,DXB-SYD,6,12,1184.09,0,197,233265.68
2024-12-09,DXB-SYD,0,12,1184.49,0,193,228606.08
2024-12-10,DXB-SYD,1,12,1184.75,0,200,236950.47
2024-12-11,DXB-SYD,2,12,1183.8,0,212,250964.73
2024-12-12,DXB-SYD,3,12,1180.22,0,233,274990.83
2024-12-13,DXB-SYD,4,12,1183.78,0,240,284107.16
2024-12-14,DXB-SYD,5,12,1185.47,0,228,270286.95
2024-12-15,DXB-SYD,6,12,1040.99,1,261,271699.31
2024-12-16,DXB-SYD,0,12,1183.56,0,197,233161.03
2024-12-17,DXB-SYD,1,12,1182.45,0,193,228213.45
2024-12-18,DXB-SYD,2,12,1180.7,0,214,252670.05
2024-12-19,DXB-SYD,3,12,1181.66,0,258,304867.9
2024-12-20,DXB-SYD,4,12,1181.11,0,255,301183.62
2024-12-21,DXB-SYD,5,12,1178.99,0,261,307717.55
2024-12-22,DXB-SYD,6,12,1177.35,0,228,268434.73
2024-12-23,DXB-SYD,0,12,1178.08,0,204,240328.87
2024-12-24,DXB-SYD,1,12,1179.54,0,187,220573.44
2024-12-25,DXB-SYD,2,12,1180.88,0,207,244442.71
2024-12-26,DXB-SYD,3,12,1181.07,0,234,276370.39
2024-12-27,DXB-SYD,4,12,1179.74,0,252,297294.93
2024-12-28,DXB-SYD,5,12,1173.93,0,268,314613.02
2024-12-29,DXB-SYD,6,12,1173.42,0,233,273407.69
2024-12-30,DXB-SYD,0,12,1172.47,0,177,207526.93
2024-12-31,DXB-SYD,1,12,1171.73,0,200,234345.07
2025-01-01,DXB-SYD,2,1,1170.85,0,170,199044.89
2025-01-02,DXB-SYD,3,1,1167.91,0,186,217230.93
2025-01-03,DXB-SYD,4,1,1167.79,0,203,237061.16
2025-01-04,DXB-SYD,5,1,1167.78,0,233,272093.06
2025-01-05,DXB-SYD,6,1,1167.85,0,196,228898.29
2025-01-06,DXB-SYD,0,1,1168.31,0,157,183424.88
2025-01-07,DXB-SYD,1,1,1168.26,0,175,204445.52
2025-01-08,DXB-SYD,2,1,1166.69,0,163,190170.05
2025-01-09,DXB-SYD,3,1,1165.62,0,201,234290.27
2025-01-10,DXB-SYD,4,1,1164.8,0,222,258586.0
2025-01-11,DXB-SYD,5,1,1164.01,0,241,280525.23
2025-01-12,DXB-SYD,6,1,1164.54,0,221,257364.24
2025-01-13,DXB-SYD,0,1,1005.22,1,195,196017.9
2025-01-14,DXB-SYD,1,1,1166.71,0,171,199507.24
2025-01-15,DXB-SYD,2,1,1169.06,0,175,204585.61
2025-01-16,DXB-SYD,3,1,1168.22,0,204,238317.32
2025-01-17,DXB-SYD,4,1,1161.51,0,223,259016.62
2025-01-18,DXB-SYD,5,1,843.08,1,341,287489.16
2025-01-19,DXB-SYD,6,1,1160.64,0,196,227485.43
2025-01-20,DXB-SYD,0,1,1158.48,0,165,191149.41
2025-01-21,DXB-SYD,1,1,1156.93,0,183,211717.77
2025-01-22,DXB-SYD,2,1,1155.3,0,186,214886.25
2025-01-23,DXB-SYD,3,1,1155.27,0,214,247226.96
2025-01-24,DXB-SYD,4,1,1151.97,0,218,251130.13
2025-01-25,DXB-SYD,5,1,805.95,1,355,286113.48
2025-01-26,DXB-SYD,6,1,1148.97,0,191,219452.48
2025-01-27,DXB-SYD,0,1,1148.95,0,183,210257.65
2025-01-28,DXB-SYD,1,1,1148.96,0,164,188429.59
2025-01-29,DXB-SYD,2,1,1146.83,0,204,233953.54
2025-01-30,DXB-SYD,3,1,1144.42,0,189,216294.53
2025-01-31,DXB-SYD,4,1,1142.71,0,229,261680.27
2025-02-01,DXB-SYD,5,2,1142.12,0,257,293525.54
2025-02-02,DXB-SYD,6,2,1143.41,0,213,243545.6
2025-02-03,DXB-SYD,0,2,1139.39,0,183,208508.82
2025-02-04,DXB-SYD,1,2,1138.12,0,167,190066.01
2025-02-05,DXB-SYD,2,2,1135.18,0,170,192980.74
2025-02-06,DXB-SYD,3,2,1131.76,0,218,246724.56
2025-02-07,DXB-SYD,4,2,1132.28,0,249,281937.15
2025-02-08,DXB-SYD,5,2,1132.16,0,232,262661.03
2025-02-09,DXB-SYD,6,2,1131.9,0,194,219588.7
2025-02-10,DXB-SYD,0,2,1132.35,0,156,176646.7
2025-02-11,DXB-SYD,1,2,1130.7,0,169,191088.56
2025-02-12,DXB-SYD,2,2,1129.13,0,186,210017.26
2025-02-13,DXB-SYD,3,2,1131.48,0,229,259108.5
2025-02-14,DXB-SYD,4,2,1130.18,0,238,268984.02
2025-02-15,DXB-SYD,5,2,1130.37,0,243,274679.04
2025-02-16,DXB-SYD,6,2,1129.46,0,204,230409.23
2025-02-17,DXB-SYD,0,2,1125.77,0,178,200386.7
2025-02-18,DXB-SYD,1,2,1121.79,0,196,219870.19
2025-02-19,DXB-SYD,2,2,1120.01,0,192,215041.21
2025-02-20,DXB-SYD,3,2,1120.68,0,185,207326.0
2025-02-21,DXB-SYD,4,2,1120.96,0,222,248852.38
2025-02-22,DXB-SYD,5,2,1121.42,0,229,256805.99
2025-02-23,DXB-SYD,6,2,1119.04,0,205,229403.48
2025-02-24,DXB-SYD,0,2,1120.57,0,192,215148.74
2025-02-25,DXB-SYD,1,2,1118.22,0,181,202398.36
2025-02-26,DXB-SYD,2,2,1117.65,0,190,212353.32
2025-02-27,DXB-SYD,3,2,1116.74,0,230,256850.96
2025-02-28,DXB-SYD,4,2,1115.6,0,224,249893.34
2025-03-01,DXB-SYD,5,3,1116.72,0,271,302630.83
2025-03-02,DXB-SYD,6,3,925.69,1,261,241604.39
2025-03-03,DXB-SYD,0,3,1111.88,0,189,210144.91
2025-03-04,DXB-SYD,1,3,1111.03,0,181,201097.0
2025-03-05,DXB-SYD,2,3,1109.56,0,194,215255.03
2025-03-06,DXB-SYD,3,3,1113.76,0,220,245027.21
2025-03-07,DXB-SYD,4,3,1113.91,0,241,268452.36
2025-03-08,DXB-SYD,5,3,1112.44,0,234,260309.8
2025-03-09,DXB-SYD,6,3,1109.99,0,201,223108.64
2025-03-10,DXB-SYD,0,3,1106.32,0,218,241177.5
2025-03-11,DXB-SYD,1,3,1103.93,0,180,198707.51
2025-03-12,DXB-SYD,2,3,1103.26,0,202,222857.78
2025-03-13,DXB-SYD,3,3,1104.55,0,196,216492.67
2025-03-14,DXB-SYD,4,3,1105.4,0,233,257557.72
2025-03-15,DXB-SYD,5,3,1104.91,0,246,271806.98
2025-03-16,DXB-SYD,6,3,1103.59,0,223,246100.67
2025-03-17,DXB-SYD,0,3,1103.17,0,159,175403.46
2025-03-18,DXB-SYD,1,3,1101.57,0,189,208195.84
2025-03-19,DXB-SYD,2,3,1103.32,0,181,199701.61
2025-03-20,DXB-SYD,3,3,1102.23,0,222,244693.98
2025-03-21,DXB-SYD,4,3,1101.29,0,224,246687.84
2025-03-22,DXB-SYD,5,3,1097.15,0,238,261122.87
2025-03-23,DXB-SYD,6,3,1096.06,0,216,236748.91
2025-03-24,DXB-SYD,0,3,1096.52,0,180,197373.04
2025-03-25,DXB-SYD,1,3,1094.12,0,183,200224.35
2025-03-26,DXB-SYD,2,3,1092.21,0,184,200966.17
2025-03-27,DXB-SYD,3,3,1092.61,0,197,215244.65
2025-03-28,DXB-SYD,4,3,1089.62,0,258,281121.44
2025-03-29,DXB-SYD,5,3,793.21,1,353,280003.61
2025-03-30,DXB-SYD,6,3,1088.86,0,220,239549.55
2025-03-31,DXB-SYD,0,3,1087.51,0,204,221852.75
2025-04-01,DXB-SYD,1,4,1085.07,0,184,199652.37
2025-04-02,DXB-SYD,2,4,1084.88,0,190,206126.96
2025-04-03,DXB-SYD,3,4,1087.82,0,226,245846.85
2025-04-04,DXB-SYD,4,4,1088.24,0,260,282943.58
2025-04-05,DXB-SYD,5,4,1086.21,0,238,258517.39
2025-04-06,DXB-SYD,6,4,1087.18,0,221,240265.78
2025-04-07,DXB-SYD,0,4,1085.97,0,176,191130.74
2025-04-08,DXB-SYD,1,4,1087.31,0,187,203326.35
2025-04-09,DXB-SYD,2,4,871.21,1,268,233483.48
2025-04-10,DXB-SYD,3,4,940.97,1,256,240887.67
2025-04-11,DXB-SYD,4,4,1080.45,0,241,260388.95
2025-04-12,DXB-SYD,5,4,1081.16,0,236,255154.89
2025-04-13,DXB-SYD,6,4,1080.69,0,227,245317.5
2025-04-14,DXB-SYD,0,4,1078.47,0,212,228634.64
2025-04-15,DXB-SYD,1,4,1076.83,0,182,195982.61
2025-04-16,DXB-SYD,2,4,1073.29,0,197,211437.41
2025-04-17,DXB-SYD,3,4,1072.48,0,236,253104.72
2025-04-18,DXB-SYD,4,4,1075.12,0,269,289208.13
2025-04-19,DXB-SYD,5,4,776.81,1,364,282759.13
2025-04-20,DXB-SYD,6,4,843.4,1,312,263140.64
2025-04-21,DXB-SYD,0,4,1078.96,0,204,220108.43
2025-04-22,DXB-SYD,1,4,1079.86,0,195,210572.08
2025-04-23,DXB-SYD,2,4,1082.18,0,174,188298.72
2025-04-24,DXB-SYD,3,4,911.97,1,294,268117.96
2025-04-25,DXB-SYD,4,4,1081.2,0,274,296247.92
2025-04-26,DXB-SYD,5,4,1082.12,0,264,285680.31
2025-04-27,DXB-SYD,6,4,1083.69,0,215,232992.46
2025-04-28,DXB-SYD,0,4,1082.35,0,195,211059.18
2025-04-29,DXB-SYD,1,4,1080.67,0,219,236666.16
2025-04-30,DXB-SYD,2,4,1080.28,0,219,236580.64
2025-05-01,DXB-SYD,3,5,1080.93,0,241,260504.53
2025-05-02,DXB-SYD,4,5,1081.54,0,260,281201.07
2025-05-03,DXB-SYD,5,5,1078.83,0,256,276179.56
2025-05-04,DXB-SYD,6,5,1081.12,0,230,248657.68
2025-05-05,DXB-SYD,0,5,1079.59,0,204,220236.66
2025-05-06,DXB-SYD,1,5,1078.63,0,208,224355.72
2025-05-07,DXB-SYD,2,5,1076.73,0,230,247646.78
2025-05-08,DXB-SYD,3,5,803.41,1,369,296457.4
2025-05-09,DXB-SYD,4,5,1080.05,0,237,255971.17
2025-05-10,DXB-SYD,5,5,1078.24,0,275,296514.97
2025-05-11,DXB-SYD,6,5,1079.0,0,248,267593.08
2025-05-12,DXB-SYD,0,5,1079.64,0,216,233201.59
2025-05-13,DXB-SYD,1,5,1078.84,0,197,212531.68
2025-05-14,DXB-SYD,2,5,840.36,1,349,293284.5
2025-05-15,DXB-SYD,3,5,1077.86,0,222,239283.94
2025-05-16,DXB-SYD,4,5,1076.62,0,248,267002.31
2025-05-17,DXB-SYD,5,5,1073.12,0,282,302619.77
2025-05-18,DXB-SYD,6,5,1070.65,0,276,295500.39
2025-05-19,DXB-SYD,0,5,1072.89,0,204,218869.91
2025-05-20,DXB-SYD,1,5,1074.89,0,207,222501.72
2025-05-21,DXB-SYD,2,5,1074.53,0,235,252513.81
2025-05-22,DXB-SYD,3,5,1076.57,0,246,264835.95
2025-05-23,DXB-SYD,4,5,1075.88,0,265,285109.14
2025-05-24,DXB-SYD,5,5,1075.08,0,293,314998.51
2025-05-25,DXB-SYD,6,5,1074.73,0,253,271907.68
2025-05-26,DXB-SYD,0,5,1074.12,0,233,250270.57
2025-05-27,DXB-SYD,1,5,1073.38,0,232,249024.88
2025-05-28,DXB-SYD,2,5,1074.69,0,230,247178.39
2025-05-29,DXB-SYD,3,5,1074.51,0,257,276149.47
2025-05-30,DXB-SYD,4,5,1075.19,0,281,302127.05
2025-05-31,DXB-SYD,5,5,1076.34,0,299,321827.02
2025-06-01,DXB-SYD,6,6,1076.55,0,256,275595.87
2025-06-02,DXB-SYD,0,6,1074.72,0,225,241811.52
2025-06-03,DXB-SYD,1,6,1072.32,0,237,254140.52
2025-06-04,DXB-SYD,2,6,1072.19,0,253,271263.49
2025-06-05,DXB-SYD,3,6,822.32,1,334,274656.17
2025-06-06,DXB-SYD,4,6,1071.37,0,286,306411.11
2025-06-07,DXB-SYD,5,6,1071.01,0,287,307379.14
2025-06-08,DXB-SYD,6,6,1074.55,0,257,276160.45
2025-06-09,DXB-SYD,0,6,1072.24,0,237,254120.4
2025-06-10,DXB-SYD,1,6,1068.94,0,237,253338.68
2025-06-11,DXB-SYD,2,6,1069.13,0,237,253384.34
2025-06-12,DXB-SYD,3,6,1068.27,0,237,253179.82
2025-06-13,DXB-SYD,4,6,1068.45,0,277,295961.39
2025-06-14,DXB-SYD,5,6,1069.05,0,324,346370.7
2025-06-15,DXB-SYD,6,6,1070.7,0,225,240906.62
2025-06-16,DXB-SYD,0,6,1068.17,0,254,271314.53
2025-06-17,DXB-SYD,1,6,1067.07,0,241,257164.4
2025-06-18,DXB-SYD,2,6,1067.46,0,264,281810.21
2025-06-19,DXB-SYD,3,6,1068.37,0,270,288460.95
2025-06-20,DXB-SYD,4,6,1071.43,0,262,280713.9
2025-06-21,DXB-SYD,5,6,1072.63,0,320,343242.05
2025-06-22,DXB-SYD,6,6,1072.32,0,295,316335.79
2025-06-23,DXB-SYD,0,6,1070.78,0,255,273047.72
2025-06-24,DXB-SYD,1,6,1069.72,0,227,242827.13
2025-06-25,DXB-SYD,2,6,1068.64,0,249,266090.33
2025-06-26,DXB-SYD,3,6,1069.43,0,269,287676.25
2025-06-27,DXB-SYD,4,6,1069.63,0,289,309123.49
2025-06-28,DXB-SYD,5,6,1067.47,0,337,359737.86
2025-06-29,DXB-SYD,6,6,1066.65,0,260,277329.2
2025-06-30,DXB-SYD,0,6,1067.81,0,232,247731.51
2025-07-01,DXB-SYD,1,7,1068.18,0,224,239273.38
2025-07-02,DXB-SYD,2,7,1068.89,0,229,244776.86
2025-07-03,DXB-SYD,3,7,1069.33,0,283,302621.45
2025-07-04,DXB-SYD,4,7,1071.65,0,328,351499.93
2025-07-05,DXB-SYD,5,7,1071.88,0,317,339786.22
2025-07-06,DXB-SYD,6,7,1071.19,0,255,273153.53
2025-07-07,DXB-SYD,0,7,1069.71,0,259,277055.71
2025-07-08,DXB-SYD,1,7,1069.99,0,265,283547.89
2025-07-09,DXB-SYD,2,7,1066.24,0,243,259097.13
2025-07-10,DXB-SYD,3,7,847.22,1,370,313473.03
2025-07-11,DXB-SYD,4,7,1065.51,0,319,339896.67
2025-07-12,DXB-SYD,5,7,1063.4,0,356,378569.1
2025-07-13,DXB-SYD,6,7,1061.95,0,275,292035.75
2025-07-14,DXB-SYD,0,7,868.76,1,297,258020.89
2025-07-15,DXB-SYD,1,7,1063.42,0,252,267982.13
2025-07-16,DXB-SYD,2,7,1063.54,0,265,281838.63
2025-07-17,DXB-SYD,3,7,1063.98,0,283,301105.68
2025-07-18,DXB-SYD,4,7,1064.1,0,299,318166.12
2025-07-19,DXB-SYD,5,7,1065.96,0,341,363491.39
2025-07-20,DXB-SYD,6,7,1066.14,0,290,309181.3
2025-07-21,DXB-SYD,0,7,1063.96,0,235,250031.35
2025-07-22,DXB-SYD,1,7,1066.42,0,241,257008.29
2025-07-23,DXB-SYD,2,7,1067.0,0,230,245410.93
2025-07-24,DXB-SYD,3,7,1066.15,0,290,309184.13
2025-07-25,DXB-SYD,4,7,1064.31,0,301,320357.95
2025-07-26,DXB-SYD,5,7,1064.95,0,310,330135.74
2025-07-27,DXB-SYD,6,7,1064.83,0,277,294959.07
2025-07-28,DXB-SYD,0,7,1067.26,0,243,259344.03
2025-07-29,DXB-SYD,1,7,1066.81,0,249,265636.29
2025-07-30,DXB-SYD,2,7,1065.64,0,255,271737.24
2025-07-31,DXB-SYD,3,7,1067.07,0,272,290242.43
2025-08-01,DXB-SYD,4,8,1068.55,0,313,334456.61
2025-08-02,DXB-SYD,5,8,1068.91,0,319,340981.7
2025-08-03,DXB-SYD,6,8,1070.03,0,264,282489.07
2025-08-04,DXB-SYD,0,8,1070.1,0,235,251472.89
2025-08-05,DXB-SYD,1,8,812.96,1,327,265837.74
2025-08-06,DXB-SYD,2,8,1072.46,0,247,264897.28
2025-08-07,DXB-SYD,3,8,1073.54,0,261,280193.91
2025-08-08,DXB-SYD,4,8,1073.44,0,285,305929.6
2025-08-09,DXB-SYD,5,8,1075.62,0,338,363561.19
2025-08-10,DXB-SYD,6,8,1072.24,0,280,300228.46
2025-08-11,DXB-SYD,0,8,1075.5,0,220,236609.43
2025-08-12,DXB-SYD,1,8,1073.12,0,233,250037.23
2025-08-13,DXB-SYD,2,8,1072.37,0,236,253079.56
2025-08-14,DXB-SYD,3,8,1072.51,0,268,287432.13
2025-08-15,DXB-SYD,4,8,1072.49,0,288,308878.37
2025-08-16,DXB-SYD,5,8,1074.22,0,317,340527.07
2025-08-17,DXB-SYD,6,8,1072.85,0,264,283233.14
2025-08-18,DXB-SYD,0,8,1073.47,0,225,241531.52
2025-08-19,DXB-SYD,1,8,1072.84,0,234,251045.33
2025-08-20,DXB-SYD,2,8,1073.53,0,233,250132.71
2025-08-21,DXB-SYD,3,8,869.14,1,338,293770.58
2025-08-22,DXB-SYD,4,8,1074.09,0,284,305040.47
2025-08-23,DXB-SYD,5,8,1073.53,0,288,309176.43
2025-08-24,DXB-SYD,6,8,1073.04,0,253,271479.08
2025-08-25,DXB-SYD,0,8,1073.75,0,213,228709.62
2025-08-26,DXB-SYD,1,8,1075.46,0,205,220469.42
2025-08-27,DXB-SYD,2,8,1074.86,0,211,226795.81
2025-08-28,DXB-SYD,3,8,1073.86,0,229,245915.0
2025-08-29,DXB-SYD,4,8,1075.1,0,258,277375.41
2025-08-30,DXB-SYD,5,8,1075.37,0,281,302179.23
2025-08-31,DXB-SYD,6,8,1076.95,0,249,268159.4
2025-09-01,DXB-SYD,0,9,1075.92,0,213,229171.57
2025-09-02,DXB-SYD,1,9,1073.6,0,182,195394.72
2025-09-03,DXB-SYD,2,9,1073.15,0,241,258628.91
2025-09-04,DXB-SYD,3,9,1072.36,0,262,280957.79
2025-09-05,DXB-SYD,4,9,1072.61,0,276,296039.18
2025-09-06,DXB-SYD,5,9,1072.02,0,312,334471.41
2025-09-07,DXB-SYD,6,9,1073.52,0,230,246908.66
2025-09-08,DXB-SYD,0,9,1073.47,0,237,254412.77
2025-09-09,DXB-SYD,1,9,1074.09,0,196,210522.14
2025-09-10,DXB-SYD,2,9,851.98,1,297,253038.84
2025-09-11,DXB-SYD,3,9,1075.43,0,223,239821.71
2025-09-12,DXB-SYD,4,9,1075.81,0,264,284015.01
2025-09-13,DXB-SYD,5,9,1077.0,0,281,302638.25
2025-09-14,DXB-SYD,6,9,840.55,1,328,275699.55
2025-09-15,DXB-SYD,0,9,1078.78,0,218,235173.98
2025-09-16,DXB-SYD,1,9,1078.87,0,205,221168.43
2025-09-17,DXB-SYD,2,9,1077.36,0,207,223012.6
2025-09-18,DXB-SYD,3,9,1078.1,0,230,247962.36
2025-09-19,DXB-SYD,4,9,1077.29,0,273,294099.35
2025-09-20,DXB-SYD,5,9,1078.76,0,260,280477.21
2025-09-21,DXB-SYD,6,9,1082.55,0,249,269555.77
2025-09-22,DXB-SYD,0,9,1081.86,0,221,239091.23
2025-09-23,DXB-SYD,1,9,1082.85,0,181,195996.48
2025-09-24,DXB-SYD,2,9,1080.72,0,225,243162.28
2025-09-25,DXB-SYD,3,9,1081.91,0,264,285624.21
2025-09-26,DXB-SYD,4,9,1081.1,0,261,282166.02
2025-09-27,DXB-SYD,5,9,863.53,1,372,321231.48
2025-09-28,DXB-SYD,6,9,1079.56,0,249,268809.41
2025-09-29,DXB-SYD,0,9,1081.19,0,202,218400.12
2025-09-30,DXB-SYD,1,9,1083.24,0,202,218814.65
2025-10-01,DXB-SYD,2,10,1083.82,0,192,208094.15
2025-10-02,DXB-SYD,3,10,891.61,1,303,270156.47
2025-10-03,DXB-SYD,4,10,1086.03,0,262,284538.93
2025-10-04,DXB-SYD,5,10,1085.47,0,274,297418.26
2025-10-05,DXB-SYD,6,10,1082.8,0,248,268534.09
2025-10-06,DXB-SYD,0,10,1084.07,0,194,210308.88
2025-10-07,DXB-SYD,1,10,1083.0,0,193,209018.15
2025-10-08,DXB-SYD,2,10,1085.07,0,231,250651.45
2025-10-09,DXB-SYD,3,10,1085.1,0,230,249572.64
2025-10-10,DXB-SYD,4,10,1086.61,0,256,278171.95
2025-10-11,DXB-SYD,5,10,1089.32,0,262,285402.56
2025-10-12,DXB-SYD,6,10,1088.13,0,219,238299.79
2025-10-13,DXB-SYD,0,10,1087.9,0,222,241514.14
2025-10-14,DXB-SYD,1,10,1088.42,0,191,207887.76
2025-10-15,DXB-SYD,2,10,1091.36,0,192,209541.03
2025-10-16,DXB-SYD,3,10,1091.01,0,224,244387.02
2025-10-17,DXB-SYD,4,10,1090.77,0,221,241059.99
2025-10-18,DXB-SYD,5,10,1092.14,0,252,275219.21
2025-10-19,DXB-SYD,6,10,1091.93,0,216,235857.53
2025-10-20,DXB-SYD,0,10,1092.83,0,208,227307.95
2025-10-21,DXB-SYD,1,10,1091.17,0,189,206231.13
2025-10-22,DXB-SYD,2,10,1095.17,0,216,236556.25
2025-10-23,DXB-SYD,3,10,1093.83,0,248,271269.4
2025-10-24,DXB-SYD,4,10,1094.03,0,262,286636.68
2025-10-25,DXB-SYD,5,10,1094.68,0,258,282426.79
2025-10-26,DXB-SYD,6,10,1098.25,0,230,252596.37
2025-10-27,DXB-SYD,0,10,1096.96,0,182,199647.05
2025-10-28,DXB-SYD,1,10,902.11,1,250,225526.44
2025-10-29,DXB-SYD,2,10,1102.5,0,192,211679.48
2025-10-30,DXB-SYD,3,10,1103.84,0,236,260506.95
2025-10-31,DXB-SYD,4,10,1103.09,0,286,315484.12
2025-11-01,DXB-SYD,5,11,1104.68,0,266,293844.49
2025-11-02,DXB-SYD,6,11,1104.33,0,199,219761.46
2025-11-03,DXB-SYD,0,11,1106.97,0,193,213645.14
2025-11-04,DXB-SYD,1,11,1106.26,0,195,215720.47
2025-11-05,DXB-SYD,2,11,1106.84,0,203,224688.49
2025-11-06,DXB-SYD,3,11,1106.76,0,216,239060.72
2025-11-07,DXB-SYD,4,11,1106.04,0,252,278722.56
2025-11-08,DXB-SYD,5,11,1107.92,0,239,264792.71
2025-11-09,DXB-SYD,6,11,1109.49,0,213,236321.94
2025-11-10,DXB-SYD,0,11,1112.08,0,205,227976.62
2025-11-11,DXB-SYD,1,11,956.42,1,221,211368.47
2025-11-12,DXB-SYD,2,11,1112.57,0,209,232527.4
2025-11-13,DXB-SYD,3,11,1117.12,0,206,230126.36
2025-11-14,DXB-SYD,4,11,1117.23,0,273,305004.9
2025-11-15,DXB-SYD,5,11,1120.87,0,245,274614.25
2025-11-16,DXB-SYD,6,11,1121.28,0,222,248924.58
2025-11-17,DXB-SYD,0,11,1120.03,0,202,226246.01
2025-11-18,DXB-SYD,1,11,1120.38,0,187,209511.44
2025-11-19,DXB-SYD,2,11,1122.77,0,204,229044.94
2025-11-20,DXB-SYD,3,11,1122.33,0,235,263747.84
2025-11-21,DXB-SYD,4,11,1122.25,0,263,295152.8
2025-11-22,DXB-SYD,5,11,831.58,1,403,335127.61
2025-11-23,DXB-SYD,6,11,1124.81,0,226,254206.5
2025-11-24,DXB-SYD,0,11,882.84,1,273,241014.93
2025-11-25,DXB-SYD,1,11,1127.72,0,225,253736.02
2025-11-26,DXB-SYD,2,11,1129.28,0,218,246182.62
2025-11-27,DXB-SYD,3,11,1129.48,0,219,247355.33
2025-11-28,DXB-SYD,4,11,1130.67,0,256,289452.66
2025-11-29,DXB-SYD,5,11,1130.14,0,262,296096.03
2025-11-30,DXB-SYD,6,11,1132.93,0,233,263972.19
2025-12-01,DXB-SYD,0,12,1132.84,0,192,217504.84
2025-12-02,DXB-SYD,1,12,1135.4,0,198,224808.35
2025-12-03,DXB-SYD,2,12,1135.91,0,236,268075.56
2025-12-04,DXB-SYD,3,12,1137.09,0,248,281997.8
2025-12-05,DXB-SYD,4,12,1137.22,0,225,255874.55
2025-12-06,DXB-SYD,5,12,1136.57,0,298,338699.12
2025-12-07,DXB-SYD,6,12,1134.84,0,261,296192.79
2025-12-08,DXB-SYD,0,12,1134.14,0,212,240437.59
2025-12-09,DXB-SYD,1,12,1134.54,0,222,251868.11
2025-12-10,DXB-SYD,2,12,1135.75,0,212,240778.82
2025-12-11,DXB-SYD,3,12,1138.16,0,243,276572.39
2025-12-12,DXB-SYD,4,12,1138.39,0,300,341515.63
2025-12-13,DXB-SYD,5,12,1137.96,0,285,324319.0
2025-12-14,DXB-SYD,6,12,1136.7,0,226,256893.97
2025-12-15,DXB-SYD,0,12,1138.32,0,223,253846.11
2025-12-16,DXB-SYD,1,12,1141.31,0,218,248804.51
2025-12-17,DXB-SYD,2,12,1144.11,0,245,280307.94
2025-12-18,DXB-SYD,3,12,1146.09,0,256,293399.27
2025-12-19,DXB-SYD,4,12,1147.96,0,273,313393.93
2025-12-20,DXB-SYD,5,12,1151.43,0,309,355790.72
2025-12-21,DXB-SYD,6,12,1152.84,0,256,295127.92
2025-12-22,DXB-SYD,0,12,1154.73,0,212,244803.59
2025-12-23,DXB-SYD,1,12,1155.18,0,232,268000.87
2025-12-24,DXB-SYD,2,12,1154.06,0,229,264279.43
2025-12-25,DXB-SYD,3,12,1153.96,0,253,291951.99
2025-12-26,DXB-SYD,4,12,1154.88,0,279,322210.48
2025-12-27,DXB-SYD,5,12,1155.9,0,268,309780.91
2025-12-28,DXB-SYD,6,12,1159.72,0,241,279492.92
2025-12-29,DXB-SYD,0,12,1160.78,0,217,251888.97
2025-12-30,DXB-SYD,1,12,1163.48,0,208,242004.61
